congress,chamber,rollnumber,date,session,clerk_rollnumber,yea_count,nay_count,nominate_mid_1,nominate_mid_2,nominate_spread_1,nominate_spread_2,nominate_log_likelihood,bill_number,vote_result,vote_desc,vote_question,dtl_desc
85,Senate,1,1957-01-03,,,46,49,0.002,-0.095,-0.277,0.597,-8.792,SRE5,,,,S.RES. 5.  ORGANIZATION OF SENATE.  AMENDMENT TO SUBSTITUTE REPUBLICAN FOR DEMOCRATIC ORGANIZATION OF THE SENATE. REJECTED.
85,Senate,2,1957-01-04,,,55,38,0.011,-0.045,-0.298,-1.131,-22.552,,,,,"MOTION TO TABLE MOTION TO CONSIDER ADOPTION OF RULES FOR SENATE.  ORIGINAL MOTION WAS MOVE TO EASE RULES ON LIMITATION OF DEBATE, AS PRELUDE TO CIVIL RIGHTS LEGISLATION.  AGREED TO."
85,Senate,3,1957-02-18,,,32,49,-0.12,-0.48,-0.225,1.269,-14.995,HR4249,,,,"HR. 4249.  FISCAL 1957 DEFICIENCY APPROPRIATIONS FOR VARIOUS AGENCIES.  AMENDMENT TO MAKE PERMISSIVE, INSTEAD OF MANDATORY, FEDERAL AID IN PROCUREMENT OF COTTONSEED PRODUCTS FOR RANGE LIVESTOCK IN DROUGHT AREAS.  REJECTED."
85,Senate,4,1957-02-18,,,64,17,0.428,0.903,0.17,-0.052,-34.626,HR4249,,,,HR. 4249.  FISCAL 1957 DEFICIENCY APPROPRIATIONS FOR VARIOUS AGENCIES.  AMENDMENT TO PROVIDE $30 MILLION FOR STRATEGIC MINERALS PURCHASE PROGRAM.  AGREED TO.  YEA SUPPORTS PRESIDENT'S POSITION.  (SEE CQ 26.)
85,Senate,5,1957-02-28,,,82,0,0.0,0.0,0.0,0.0,0.0,SJRE19,,,,S.J.RES. 19.  COMMITTEE VERSION OF PRESIDENT'S MIDDLE EAST DOCTRINE AUTHORIZING PROGRAM OF MILITARY AND ECONOMIC COOPERATION WITH MIDDLE EAST NATIONS.  AMENDMENT TO HAVE TROOP EMPLOYMENT IN KEEPING WITH U. S. CONSTITUTION INSTEAD OF U. N. CHARTER. AGREED TO.
85,Senate,6,1957-03-02,,,28,58,0.553,-0.082,-0.188,-1.554,-32.813,SJRE19,,,,S.J.RES. 19.  AUTHORIZE PROGRAM OF MILITARY AND ECONOMIC COOPERATION WITH MIDDLE EASTERN NATIONS TO COUNTERACT COMMUNISM.  AMENDMENT TO ELIMINATE AUTHORIZATION FOR USE OF $200 MILLION FOR MILITARY AND ECONOMIC AID. REJECTED.  NAY SUPPORTS PRESIDENT'S POSITION.
85,Senate,7,1957-03-05,,,48,43,-0.013,-0.486,0.257,-0.311,-17.426,SJRE19,,,,S.J.RES. 19.  AUTHORIZE PROGRAM OF MILITARY AND ECONOMIC COOPERATION WITH MIDDLE EASTERN NATIONS.  AMENDMENT URGING PRESIDENT TO CONTINUE TO SUPPORT U.N. EMERGENCY FORCE IN MIDDLE EAST.  AGREED TO.
85,Senate,8,1957-03-05,,,28,64,-0.668,-0.713,0.184,-0.424,-43.646,SJRE19,,,,"S.J.RES. 19.  AUTHORIZE PROGRAM OF MILITARY AND ECONOMIC COOPERATION WITH MIDDLE EASTERN NATIONS.  AMENDMENT DIRECTING PRESIDENT TO NOTIFY CONGRESS BEFORE USING ARMED FORCES, OR TO SUBMIT ANY SUCH ACTION FOR CONGRESSIONAL APPROVAL.  REJECTED."
85,Senate,9,1957-03-05,,,30,58,0.656,-0.692,-0.222,-0.702,-42.808,SJRE19,,,,"S.J.RES. 19.  AUTHORIZE PROGRAM OF MILITARY AND ECONOMIC COOPERATION WITH MIDDLE EASTERN NATIONS.  AMENDMENT TO SET EXPIRATION DATE FOR PROGRAM AS MARCH 15, 1961. REJECTED."
85,Senate,10,1957-03-05,,,72,19,-0.452,0.516,-0.046,0.75,-34.133,HJRE117,,,,"H.J.RES. 117.  PASSAGE OF HOUSE RESOLUTION, AS AMENDED BY SENATE, AUTHORIZING PROGRAM OF MILITARY AND ECONOMIC COOPERATION WITH MIDDLE EASTERN NATIONS.  YEA SUPPORTS PRESIDENT'S POSITION."
85,Senate,11,1957-03-19,,,26,59,-0.119,-0.248,0.167,0.271,-33.532,S1451,,,,S. 1451.  FINANCIAL INSTITUTIONS ACT OF 1957. AMENDMENT TO PERMIT FEDERAL SAVINGS AND LOAN ASSOCIATION BRANCHES IN STATES THAT PERMIT COMMERCIAL BANKS TO HAVE BRANCHES.  REJECTED.
85,Senate,12,1957-03-21,,,27,58,-0.325,0.925,0.216,0.25,-34.861,S1451,,,,S. 1451.  FINANCIAL INSTITUTIONS ACT.  AMENDMENT TO REQUIRE CUMULATIVE VOTING IN ELECTIONS OF DIRECTORS OF NATIONAL BANKS.  REJECTED.
85,Senate,13,1957-03-21,,,28,58,-0.161,-0.531,0.196,-0.009,-31.496,S1451,,,,"S. 1451.  FINANCIAL INSTITUTIONS ACT.  AMENDMENT TO MAKE PLAIN THAT NOTHING IN BILL SHOULD BE CONSTRUED AS APPROVING ANY MERGER THAT VIOLATES LAW, OR SHOULD BE A DEFENSE AGAINST PROHIBITED ANTI-TRUST ACTION.  REJECTED."
85,Senate,14,1957-03-27,,,33,52,-0.256,-0.967,0.142,-0.108,-42.464,HR4090,,,,HR. 4090.  EXTEND CURRENT 52 PERCENT CORPORATE INCOME TAX RATE.  AMENDMENT TO AID SMALL CORPORATIONS THROUGH LOWERED TAXES FOR THEM AND HIGHER TAXES FOR LARGER FIRMS.  REJECTED.
85,Senate,15,1957-03-28,,,27,55,-0.614,-0.789,-0.072,0.549,-37.599,S497,,,,"S. 497.  RIVER AND HARBOR, BEACH EROSION CONTROL, AND FLOOD CONTROL PROJECTS, 1957.  MOTION TO RECOMMIT TO SENATE PUBLIC WORKS COMMITTEE WITH INSTRUCTIONS TO REDUCE TOTAL AUTHORIZATION.  REJECTED.  YEA SUPPORTS PRESIDENT'S POSITION."
85,Senate,16,1957-03-28,,,42,22,-0.58,-0.815,0.072,-0.481,-36.112,S497,,,,"S. 497.  RIVER AND HARBOR ACT, 1957.  PASSED.  NAY SUPPORTS PRESIDENT'S POSITION."
85,Senate,17,1957-04-01,,,70,2,0.0,0.0,0.0,0.0,0.0,,,,,CONFIRMATION OF NOMINATION OF BRIGADIER GENERAL ZWICKER TO BE BRIGADIER GENERAL IN REGULAR ARMY WITH TEMPORARY RANK OF MAJOR GENERAL.  YEA SUPPORTS PRESIDENT'S POSITION.
85,Senate,18,1957-04-01,,,23,54,0.245,0.156,-0.286,-0.093,-24.653,S1314,,,,"S. 1314.  EXTEND AGRICULTURAL TRADE DEVELOPMENT AND ASSISTANCE ACT OF 1954, UNDER WHICH AGRICULTURAL SURPLUSES ARE SOLD OR BARTERED TO FOREIGN NATIONS.  AMENDMENT TO RETAIN EXISTING BAN ON TRADE WITH COMMUNIST SATELLITES.  REJECTED.  NAY SUPPORTS PRESIDENT'S POSITION."
85,Senate,19,1957-04-10,,,35,45,-0.493,0.87,0.038,0.054,-59.884,S1771,,,,S. 1771.  ESTABLISH A 51 MILLION ACRE BASE FOR 1957 COMMERCIAL CORN CROP AND REQUIRE THAT 15 PERCENT OF A PRODUCER'S BASE BE PUT IN SOIL BANK.  REJECTED.
85,Senate,20,1957-04-17,,,75,0,0.0,0.0,0.0,0.0,0.0,HJRE310,,,,H.J.RES. 310.  FISCAL 1957 DEFICIENCY APPROPRIATION INCLUDING PUBLIC ASSISTANCE GRANTS TO STATES.  COMMITTEE AMENDMENT INCREASING LIMIT ON FUNDS FOR STATE ADMINISTRATION OF PUBLIC ASSISTANCE GRANTS.  AGREED TO.
85,Senate,21,1957-05-08,,,22,54,-0.221,-0.606,0.391,0.043,-17.428,,,,,NOMINATION OF SCOTT MCLEOD AS AMBASSADOR TO IRELAND. MOTION TO RECOMMIT.  REJECTED.  NAY SUPPORTS PRESIDENT'S POSITION.
85,Senate,22,1957-05-09,,,60,20,-0.202,0.037,-0.241,-0.048,-22.252,,,,,NOMINATION OF SCOTT MCLEOD AS AMBASSADOR TO IRELAND.  CONFIRMED.  YEA SUPPORTS PRESIDENT'S POSITION.
85,Senate,23,1957-05-13,,,82,0,0.0,0.0,0.0,0.0,0.0,,,,,"EXEC F, 85TH CONGRESS, 1ST SESSION.  PROTOCOL TO 1949 INTERNATIONAL CONVENTION FOR NORTHWEST ATLANTIC FISHERIES, AUTHORIZING MEETINGS OF FISHERIES COMMISSION OUTSIDE NORTH AMERICA.  REJECTED.  YEA SUPPORTS PRESIDENT'S POSITION."
85,Senate,24,1957-05-15,,,61,15,-0.147,-0.541,-0.012,-0.558,-29.278,HR6871,,,,HR. 6871.  FISCAL 1958 APPROPRIATIONS FOR DEPARTMENTS OF STATE AND JUSTICE AND THE JUDICIARY AND USIA.  COMMITTEE AMENDMENT TO REDUCE USIA SALARIES AND EXPENSES.  ADOPTED. NAY SUPPORTS PRESIDENT'S POSITION.
85,Senate,25,1957-05-15,,,77,0,0.0,0.0,0.0,0.0,0.0,HR6871,,,,HR. 6871.  FISCAL 1958 APPROPRIATIONS FOR DEPARTMENTS OF STATE AND JUSTICE AND THE JUDICIARY AND USIA.  PASSED. (SEE CQ 31.)
85,Senate,26,1957-05-20,,,61,17,-0.518,-0.855,0.042,-0.573,-32.208,HR7221,,,,HR. 7221.  3RD FISCAL 1957 SUPPLEMENTAL APPROPRIATION. AMENDMENT TO PROVIDE $30 MILLION FOR ACQUISITION OF STRATEGIC MINERALS.  ADOPTED.  YEA SUPPORTS PRESIDENT'S POSITION.
85,Senate,27,1957-05-20,,,27,51,0.242,0.137,-0.167,0.217,-30.093,HR7221,,,,HR. 7221.  3RD FISCAL 1957 SUPPLEMENTAL APPROPRIATION. AMENDMENT TO PROVIDE THAT APPROPRIATION FOR FEED AND SEED IN DISASTER AREAS CAN BE USED ONLY BY THOSE STATES WHICH HAVE MATCHED IT WITH A 25 PERCENT STATE APPROPRIATION.  REJECTED.  YEA SUPPORTS PRESIDENT'S POSITION.
85,Senate,28,1957-05-20,,,72,5,0.418,0.909,0.149,0.191,-19.891,HR7221,,,,HR. 7221.  3RD FISCAL 1957 SUPPLEMENTAL APPROPRIATION. PASSED.
85,Senate,29,1957-05-28,,,17,61,-0.321,0.079,0.296,-0.217,-19.424,HR6659,,,,HR. 6659.  OMNIBUS HOUSING BILL OF 1957.  AMENDMENT TO INCREASE THE CAPITALIZATION OF THE OPERATIONS OF FNMA AND PROHIBIT DISCOUNTS ON GOVERNMENT-INSURED MORTGAGES. REJECTED.  NAY SUPPORTS PRESIDENT'S POSITION.
85,Senate,30,1957-05-28,,,67,11,-0.435,0.837,-0.222,-0.046,-24.005,HR6659,,,,HR. 6659.  OMNIBUS HOUSING BILL OF 1957.  AMENDMENT TO REDUCE AUTHORIZATIONS IN BILL AND LIMIT URBAN RENEWAL TO TWO YEARS.  ACCEPTED.  YEA SUPPORTS PRESIDENT'S POSITION.
85,Senate,31,1957-05-29,,,75,2,0.0,0.0,0.0,0.0,0.0,HR6871,,,,"HR. 6871.  FISCAL 1958 APPROPRIATIONS FOR DEPARTMENTS OF STATE AND JUSTICE, AND THE JUDICIARY, USIA, AND U. S. PARTICIPATION IN TRADE FAIRS AND CULTURAL EXCHANGES. ADOPTION OF CONFERENCE REPORT."
85,Senate,32,1957-05-29,,,20,54,-0.164,-0.039,0.69,0.953,-7.942,HR6659,,,,HR. 6659.  OMNIBUS HOUSING BILL OF 1957.  AMENDMENT TO AUTHORIZE ADDITIONAL LOW-COST HOUSING UNITS DURING FISCAL YEARS 1958 AND 1959.  REJECTED.  NAY SUPPORTS PRESIDENT'S POSITION.
85,Senate,33,1957-05-29,,,16,54,0.273,-0.301,-0.336,0.25,-18.486,HR6659,,,,HR. 6659.  OMNIBUS HOUSING BILL OF 1957.  AMENDMENT TO PROVIDE INCREASED RATES OF INTEREST ON COLLEGE HOUSING LOANS.  REJECTED.  YEA SUPPORTS PRESIDENT'S POSITION.
85,Senate,34,1957-05-29,,,38,32,-0.019,-0.001,-0.341,-0.157,-17.515,HR6659,,,,HR. 6659.  OMNIBUS HOUSING BILL OF 1957.  AMENDMENT TO RETAIN FEDERAL CONTRIBUTION TO SLUM CLEARANCE PROGRAM AT 2/3 RATHER THAN 3/4 OF COST OF PROJECT.  ACCEPTED.
85,Senate,35,1957-05-29,,,69,1,0.273,0.962,0.166,0.426,-12.82,HR6659,,,,HR. 6659.  OMNIBUS HOUSING BILL OF 1957.  PASSED.
85,Senate,36,1957-06-03,,,67,0,0.0,0.0,0.0,0.0,0.0,HR6700,,,,HR. 6700.  FISCAL 1958 APPROPRIATIONS FOR DEPARTMENT OF COMMERCE AND RELATED AGENCIES.  ADOPTION OF CONFERENCE REPORT.
85,Senate,37,1957-06-06,,,85,0,0.0,0.0,0.0,0.0,0.0,,,,,"EXEC C, 85TH CONGRESS, 1ST SESSION.  PROTOCOL INSTITUTING PROGRAM FOR CONSERVATION OF SOCKEYE SALMON IN COOPERATION WITH CANADA.  RATIFIED.  YEA SUPPORTS PRESIDENT'S POSITION."
85,Senate,38,1957-06-11,,,23,62,-0.371,0.82,0.145,0.071,-40.334,HR6500,,,,HR. 6500.  FISCAL 1958 APPROPRIATIONS FOR D.C. AMENDMENT TO INCREASE FEDERAL PAYMENT TO DISTRICT. REJECTED.  YEA SUPPORTS PRESIDENT'S POSITION.
85,Senate,39,1957-06-11,,,27,57,-0.125,-0.106,0.2,0.266,-29.453,HR6500,,,,HR. 6500.  FISCAL 1958 APPROPRIATIONS FOR D.C. AMENDMENT TO INCREASE FUNDS FOR TEACHING PERSONNEL IN D.C. PUBLIC SCHOOLS.  REJECTED.
85,Senate,40,1957-06-11,,,83,1,0.0,0.0,0.0,0.0,0.0,HR6500,,,,HR. 6500.  FISCAL 1958 APPROPRIATIONS FOR D.C. PASSED.
85,Senate,41,1957-06-11,,,40,38,-0.255,-0.226,-0.08,0.507,-29.173,HR7441,,,,HR. 7441.  FISCAL 1958 APPROPRIATIONS FOR AGRICULTURE DEPARTMENT.  AMENDMENT TO ELIMINATE THE PROVISION LIMITING NATIONAL AVERAGE FOR CONSERVATION RESERVE PAYMENTS PER ACRE. ADOPTED.
85,Senate,42,1957-06-11,,,26,52,0.807,-0.498,-0.076,-0.245,-51.192,HR7441,,,,HR. 7441.  FISCAL 1958 APPROPRIATIONS FOR AGRICULTURE DEPARTMENT.  AMENDMENT TO DECREASE LIMIT ON CONSERVATION RESERVE EXPENDITURES.  REJECTED.
85,Senate,43,1957-06-11,,,7,71,0.488,0.59,-0.141,-0.199,-21.734,HR7441,,,,HR. 7441.  FISCAL 1958 APPROPRIATIONS FOR AGRICULTURE DEPARTMENT.  AMENDMENT TO BAR USE OF FUNDS FOR AN ACREAGE RESERVE PROGRAM ON 1958 CROPS AND LIMIT RESERVE PAYMENTS PER PRODUCER.  REJECTED.  NAY SUPPORTS PRESIDENT'S POSITION.
85,Senate,44,1957-06-11,,,78,0,0.0,0.0,0.0,0.0,0.0,HR7441,,,,HR. 7441.  FISCAL 1958 APPROPRIATIONS FOR AGRICULTURE DEPARTMENT.  PASSED.
85,Senate,45,1957-06-12,,,72,0,0.0,0.0,0.0,0.0,0.0,HR6070,,,,HR. 6070.  FISCAL 1958 APPROPRIATIONS FOR INDEPENDENT OFFICES.  PASSED.
85,Senate,46,1957-06-12,,,70,0,0.0,0.0,0.0,0.0,0.0,HR6287,,,,"HR. 6287.  FISCAL 1958 APPROPRIATIONS FOR DEPARTMENTS OF LABOR AND HEALTH, EDUCATION AND WELFARE.  PASSED."
85,Senate,47,1957-06-14,,,34,55,0.646,-0.578,-0.394,-1.699,-29.801,S2130,,,,S. 2130.  MUTUAL SECURITY ACT OF 1957.  AMENDMENT TO ELIMINATE FISCAL 1959 DEFENSE SUPPORT AUTHORIZATION IN ORDER TO REDUCE AUTHORIZATION TO ONE YEAR INSTEAD OF TWO YEARS. REJECTED.  NAY SUPPORTS PRESIDENT'S POSITION.
85,Senate,48,1957-06-14,,,40,49,0.749,-0.621,-0.23,-1.297,-38.159,S2130,,,,S. 2130.  MUTUAL SECURITY ACT OF 1957.  AMENDMENT TO REDUCE DEFENSE SUPPORT FUNDS FOR FISCAL 1958.  REJECTED. NAY SUPPORTS PRESIDENT'S POSITION.
85,Senate,49,1957-06-14,,,26,61,0.595,-0.129,-0.185,-1.22,-28.433,S2130,,,,S. 2130.  MUTUAL SECURITY ACT OF 1957.  AMENDMENT TO REDUCE MILITARY ASSISTANCE FUNDS FOR FISCAL 1958.  REJECTED. NAY SUPPORTS PRESIDENT'S POSITION.
85,Senate,50,1957-06-14,,,33,52,0.528,-0.36,-0.176,-0.865,-36.84,S2130,,,,S.2130.  MUTUAL SECURITY ACT OF 1957.  AMENDMENT TO REDUCE MILITARY ASSISTANCE FUNDS FOR FISCAL 1958 (BY SMALLER AMOUNT THAN IN CQ 49).  REJECTED.  NAY SUPPORTS PRESIDENT'S POSITION.
85,Senate,51,1957-06-14,,,32,54,0.615,-0.418,-0.275,-1.352,-30.833,S2130,,,,"S. 2130.  MUTUAL SECURITY ACT OF 1957.  AMENDMENT TO DELETE DEVELOPMENT LOAN FUND PROVISION AUTHORIZING BORROWING AUTHORITY FOR FISCAL YEAR 1959 AND 1960, AND TO ELIMINATE REVOLVING CHARACTER OF FUND.  REJECTED.  NAY SUPPORTS PRESIDENT'S POSITION."
85,Senate,52,1957-06-14,,,22,61,0.654,0.035,-0.121,-1.068,-29.459,S2130,,,,S. 2130.  MUTUAL SECURITY ACT OF 1957.  AMENDMENT TO REDUCE SPECIAL AUTHORITY FUNDS USED AT PRESIDENT'S DISCRETION AND REQUIRE THAT HE NOTIFY CONGRESS BEFORE USING THESE FUNDS.  REJECTED.  NAY SUPPORTS PRESIDENT'S POSITION.
85,Senate,53,1957-06-14,,,31,53,0.847,0.023,-0.049,-0.817,-39.511,S2130,,,,S. 2130.  MUTUAL SECURITY ACT OF 1957.  AMENDMENT REQUIRING THAT SECRETARY OF STATE KEEP CONGRESS INFORMED AS TO ACTIVITIES OF GOVERNMENT DEPARTMENTS UNDER THE PROVISIONS OF THE ACT.  REJECTED.
85,Senate,54,1957-06-14,,,57,25,0.544,-0.322,0.353,1.47,-25.23,S2130,,,,"S. 2130.  MUTUAL SECURITY ACT OF 1957.  PASSED.  YEA SUPPORTS PRESIDENT'S POSITION.  (SEE CQ 100, 106.)"
85,Senate,55,1957-06-18,,,31,55,0.411,-0.513,-0.228,-0.486,-34.491,,,,,"EXEC I, 85TH CONGRESS, 1ST SESSION.  STATUTE OF THE INTERNATIONAL ATOMIC ENERGY AGENCY.  AMENDMENT THAT U.S. SHALL NOT MAKE FISSIONABLE MATERIALS AVAILABLE TO THAT AGENCY EXCEPT UNDER AUTHORIZATION OF CONGRESS.  REJECT."
85,Senate,56,1957-06-18,,,67,19,0.373,0.022,0.201,0.529,-29.893,,,,,"EXEC I, 85TH CONGRESS, 1ST SESSION.  STATUTE OF THE INTERNATIONAL ATOMIC ENERGY AGENCY.  RATIFICATION OF TREATY. YEA SUPPORTS PRESIDENT'S POSITION."
85,Senate,57,1957-06-20,,,39,45,-0.363,0.165,0.009,-0.919,-26.951,HR6127,,,,HR. 6127.  CIVIL RIGHTS ACT OF 1957.  POINT OF ORDER AGAINST OBJECTION BY KNOWLAND TO REFERRAL OF BILL TO JUDICIARY COMMITTEE. REJECTED. (BILL THUS BYPASSED THE JUDICIARY COMMITTEE.
85,Senate,58,1957-06-20,,,49,36,-0.225,0.195,-0.033,1.001,-20.844,HR6127,,,,"HR. 6127.  CIVIL RIGHTS ACT OF 1957.  MOTION TO TABLE A MOTION TO RECONSIDER CQ 57.  PASSED.  (SEE CQ 66, 73, 104.)"
85,Senate,59,1957-06-21,,,45,38,0.081,0.198,0.284,-0.202,-18.757,S555,,,,S. 555.  AUTHORIZE FEDERAL CONSTRUCTION OF HELLS CANYON DAM.  PASSED.  YEA SUPPORTS PRESIDENT'S POSITION.
85,Senate,60,1957-06-24,,,81,0,0.0,0.0,0.0,0.0,0.0,HR5189,,,,"HR. 5189.  FISCAL 1958 APPROPRIATIONS FOR DEPARTMENT OF INTERIOR, THE FOREST SERVICE AND RELATED AGENCIES. PASSED."
85,Senate,61,1957-06-26,,,86,0,0.0,0.0,0.0,0.0,0.0,HCRE204,,,,H.CON.RES.204.  RESOLUTION THAT GENERAL ASSEMBLY OF U.N. SHOULD RECONVENE IMMEDIATELY TO CONSIDER THE U.N. SPECIAL COMMITTEE REPORT ON THE PROBLEM OF HUNGARY.  PASSED.
85,Senate,62,1957-07-02,,,78,0,0.0,0.0,0.0,0.0,0.0,,,,,"EXEC H, 85TH CONGRESS, 1ST SESSION.  AGREEMENT AND PROTOCAL WITH AUSTRIA ON VALIDITY OF PRE-WORLD WAR II BONDS.  RATIFIED.  YEA SUPPORTS PRESIDENT'S POSITION."
85,Senate,63,1957-07-02,,,7,65,-0.675,-0.738,0.163,-0.1,-30.483,HR7665,,,,HR. 7665.  FISCAL 1958 APPROPRIATIONS FOR DEPARTMENT OF DEFENSE.  AMENDMENT TO REDUCE NUMEROUS ITEMS AND PROVIDE FUNDS TO ESTABLISH ADDITIONAL ARMY AND MARINE COMBAT UNITS.  REJECTED.  NAY SUPPORTS PRESIDENT'S POSITION.
85,Senate,64,1957-07-02,,,24,49,0.556,-0.831,-0.148,-0.265,-44.907,HR7665,,,,HR. 7665.  FISCAL 1958 APPROPRIATIONS FOR DEPARTMENT OF DEFENSE.  AMENDMENT TO REDUCE TOTAL FUNDS.  REJECTED. NAY SUPPORTS PRESIDENT'S POSITION.
85,Senate,65,1957-07-02,,,74,0,0.0,0.0,0.0,0.0,0.0,HR7665,,,,HR. 7665.  FISCAL 1958 APPROPRIATIONS FOR DEPARTMENT OF DEFENSE.  PASSED.
85,Senate,66,1957-07-16,,,71,18,-0.07,0.636,0.114,2.163,-7.919,HR6127,,,,HR. 6127.  CIVIL RIGHTS ACT OF 1957.  MOTION TO CONSIDER THE BILL.  AGREED TO.  YEA SUPPORTS PRESIDENT'S POSITION.
85,Senate,67,1957-07-16,,,35,54,-0.429,0.3,-0.007,-1.587,-18.55,HR6127,,,,"HR. 6127.  CIVIL RIGHTS ACT OF 1957.  MOTION TO REFER BILL TO SENATE JUDCICIARY COMMITTEE, WITH INSTRUCTIONS TO REPORT THE BILL IN SEVEN DAYS, WITH OR WITHOUT AMENDMENTS. REJECTED."
85,Senate,68,1957-07-22,,,90,0,0.0,0.0,0.0,0.0,0.0,HR6127,,,,HR. 6127.  CIVIL RIGHTS ACT OF 1957.  AMENDMENT REPEALING A STATUTE OF 1866 WHICH GAVE PRESIDENT POWER TO USE TROOPS TO ENFORCE EXISTING CIVIL RIGHTS LAWS.  ACCEPTED.
85,Senate,69,1957-07-23,,,29,61,-0.586,-0.117,0.034,0.847,-34.239,HR6127,,,,HR. 6127.  CIVIL RIGHTS ACT OF 1957.  AMENDMENT PERMITTING ATTORNEY GENERAL TO INSTITUTE CIVIL ACTION ONLY WHEN DIRECTED TO DO SO BY PRESIDENT.  REJECTED.
85,Senate,70,1957-07-23,,,8,81,0.821,0.488,-0.164,0.145,-28.025,HR6127,,,,"HR. 6127.  CIVIL RIGHTS ACT OF 1957.  AMENDMENT PERMITTING ATTORNEY GENERAL TO INSTITUTE CIVIL ACTION FOR PREVENTIVE RELIEF WHEN CONSPIRACY HINDERS COMPLIANCE WITH AN ORDER OF U.S. COURT, ISSUED TO SECURE EQUAL PROTECTION OF THE LAWS.  REJECTED."
85,Senate,71,1957-07-24,,,52,38,-0.689,0.464,-0.127,-1.002,-38.775,HR6127,,,,HR. 6127.  CIVIL RIGHTS ACT OF 1957.  AMENDMENT TO DELETE AUTHORITY FOR ATTORNEY GENERAL TO SEEK PREVENTIVE RELIEF IN CIVIL RIGHTS CASES UNDER THE 14TH AMENDMENT. ACCEPTED.  NAY SUPPORTS PRESIDENT'S POSITION.  (SEE CQ 73.)
85,Senate,72,1957-08-01,,,89,0,0.0,0.0,0.0,0.0,0.0,HR7665,,,,HR. 7665.  FISCAL 1958 DEPARTMENT OF DEFENSE APPROPRIATIONS.  MOTION TO RECONSIDER CONFERENCE REPORT. AGREED TO. YEA SUPPORTS PRESIDENT'S POSITION.
85,Senate,73,1957-08-02,,,51,42,-0.138,-0.012,-0.023,-0.736,-33.034,HR6127,,,,HR. 6127.  CIVIL RIGHTS ACT OF 1957.  AMENDMENT TO GUARANTEE JURY TRIALS IN ALL CASES OF CRIMINAL CONTEMPT AND PROVIDE UNIFORM METHODS FOR SELECTING FEDERAL COURT JURIES.  AGREED TO. NAY SUPPORTS PRESIDENT'S POSITION.
85,Senate,74,1957-08-02,,,34,47,0.106,0.219,-0.039,-1.237,-20.99,HR6127,,,,"HR. 6127.  CIVIL RIGHTS ACT OF 1957.  AMENDMENT TO MAKE A DISTRICT COURT'S JURISDICTION OVER RIGHT-TO-VOTE CASES PERMISSIVE RATHER THAN MANDATORY, WHEN ADMINISTRATIVE REMEDIES HAVE NOT BEEN EXHAUSTED.  REJECTED.  NAY SUPPORTS PRESIDENT'S POSITION."
85,Senate,75,1957-08-07,,,72,18,0.066,0.618,0.06,2.0,-9.564,HR6127,,,,HR. 6127.  CIVIL RIGHTS ACT OF 1957.  PASSED.
85,Senate,76,1957-08-08,,,85,1,0.0,0.0,0.0,0.0,0.0,HR8090,,,,HR. 8090.  FISCAL 1958 APPROPRIATIONS FOR ARMY CORPS OF ENGINEERS AND INTERIOR DEPARTMENT PUBLIC WORKS.  PASSED
85,Senate,77,1957-08-08,,,86,0,0.0,0.0,0.0,0.0,0.0,,,,,"EXEC D, 85TH CONGRESS, 1ST SESSION.  TREATY OF FRIENDSHIP, COMMERCE AND NAVIGATION WITH REPUBLIC OF KOREA.  RATIFIED. YEA SUPPORTS PRESIDENT'S POSITION."
85,Senate,78,1957-08-08,,,86,0,0.0,0.0,0.0,0.0,0.0,,,,,****MISSING TEXT****
85,Senate,79,1957-08-08,,,86,0,0.0,0.0,0.0,0.0,0.0,,,,,"EXEC C, 84TH CONGRESS, 2ND SESSION.  CONVENTION FOR PROMOTION OF INTER-AMERICAN CULTURAL RELATIONS.  RATIFIED. YEA SUPPORTS PRESIDENT'S POSITION."
85,Senate,80,1957-08-08,,,86,0,0.0,0.0,0.0,0.0,0.0,,,,,"EXECS E, J, AND M, 85TH CONGRESS, 1ST SESSION. CONVENTIONS OF WHALING, CONSERVATION OF FUR SEALS, AND ON SAFETY AT SEA.  RATIFIED EN BLOC.  YEA SUPPORTS PRESIDENT'S POSITION."
85,Senate,81,1957-08-08,,,86,0,0.0,0.0,0.0,0.0,0.0,,,,,"EXECS A, B, AND K, 85TH CONGRESS, 1ST SESSION. CONVENTIONS WITH AUSTRIA, CANADA, AND JAPAN ON DOUBLE TAXATION.  RATIFIED EN BLOC.  YEA SUPPORTS PRESIDENT'S POSITION."
85,Senate,82,1957-08-09,,,22,63,0.275,-0.372,-0.264,0.186,-23.402,S1869,,,,S. 1869.  AUTHORIZE TVA TO FINANCE CONSTRUCTION OF NEW POWER FACILITIES BY ISSUING REVENUE BONDS.  MOTION TO RECOMMIT. REJECTED.  NAY SUPPORTS PRESIDENT'S POSITION.
85,Senate,83,1957-08-09,,,37,46,0.057,-0.998,-0.231,0.031,-30.476,S1869,,,,"S. 1869.  AUTHORIZE TVA TO FINANCE CONSTRUCTION OF NEW POWER FACILITIES BY ISSUING REVENUE BONDS.  AMENDMENT TO BAR ISSUE OR SALE OF TVA BONDS AND USE OF BOND REVENUES FOR NEW PROJECT WITHOUT BUDGET BUREAU AND CONGRESSIONAL AUTHORIZATION, AND TO MAKE ALL BOND FINANCING SUBJECT TO CORPORATIONS CONTROL ACT OF 1945.  REJECTED.  YEA SUPPORTS PRESIDENT'S POSITION."
85,Senate,84,1957-08-09,,,76,6,-0.626,-0.18,-0.233,0.243,-17.696,S1869,,,,S. 1869.  AUTHORIZE TVA TO FINANCE CONSTRUCTION OF NEW POWER FACILITIES BY ISSUING REVENUE BONDS.  AMENDMENT REQUIRING TVA TO PAY AT LEAST $10 MILLION ANNUALLY TO REDUCE GOVERNMENT'S APPROPRIATION INVESTMENT AND TO MAKE INTEREST PAYMENTS ON REMAINING INVESTMENTS.  ACCEPTED.  YEA SUPPORTS PRESIDENT'S POSITION.
85,Senate,85,1957-08-09,,,61,20,0.339,-0.136,0.151,0.045,-36.158,S1869,,,,S. 1869.  AUTHORIZE TVA TO FINANCE CONSTRUCTION OF NEW POWER FACILITIES BY ISSUING REVENUE BONDS.  PASSED. YEA SUPPORTS PRESIDENT'S POSITION.
85,Senate,86,1957-08-10,,,19,47,0.266,-0.024,-0.689,0.571,-12.276,HR6517,,,,HR. 6517.  RAISE CONTRIBUTIONS OF D.C. POLICE AND FIREMEN TO THEIR PENSION SYSTEM.  MOTION TO RECOMMIT. REJECTED.
85,Senate,87,1957-08-10,,,30,32,0.057,-0.617,-0.272,-0.026,-21.037,HR6517,,,,HR. 6517.  RAISE CONTRIBUTIONS OF D.C. POLICE AND FIREMEN TO THEIR PENSION SYSTEM.  MOTION TO RECOMMIT WITH INSTRUCTIONS TO BRING RETIREMENT BENEFITS IN LINE WITH THOSE FOR EMPLOYEES UNDER CIVIL SERVICE SYSTEM WHO ARE ENGAGED IN HAZARDOUS WORK.  REJECTED.
85,Senate,88,1957-08-10,,,45,19,0.256,-0.029,0.714,-0.611,-9.669,HR6517,,,,HR. 6517.  RAISE CONTRIBUTIONS OF D.C. POLICE AND FIREMEN TO THEIR PENSION SYSTEM.  PASSED.
85,Senate,89,1957-08-12,,,72,9,0.357,0.934,0.161,0.158,-25.28,S2229,,,,S. 2229.  PROVIDE GOVERNMENT GUARANTEE OF PRIVATE LOANS TO AIR CARRIERS FOR PURCHASE OF AIRCRAFT AND EQUIPMENT. PASSED.
85,Senate,90,1957-08-12,,,30,48,-0.51,-0.765,0.178,-0.377,-33.585,HR8643,,,,HR. 8643.  AUTHORIZE FEDERAL POWER COMMISSION TO LICENSE NEW YORK STATE TO CONSTRUCT POWER PLANT AT NIAGARA FALLS.  CLARK AMENDMENT TO DELETE THE WORD 'REASONABLE' FROM PROVISION REQUIRING THAT POWER BE MADE AVAILABLE TO PUBLIC BODIES WIHIN 'REASONABLE ECONOMIC TRANSMISSION DISTANCE'.
85,Senate,91,1957-08-15,,,50,25,-0.133,0.007,-0.258,0.024,-21.335,,,,,NOMINATION OF JEROME K. KUYKENDALL TO A 2ND TERM ON FEDERAL POWER COMMISSION.  CONFIRMED.  YEA SUPPORTS PRESIDENT'S POSITION.
85,Senate,92,1957-08-15,,,42,32,-0.278,-0.961,-0.227,0.281,-23.386,,,,,NOMINATION OF DON PAARLBERG AS AN ASSISTANT SECRETARY OF AGRICULTURE.  CONFIRMED.  YEA SUPPORTS PRESIDENT'S POSITION.
85,Senate,93,1957-08-16,,,37,40,0.065,0.189,-0.417,0.41,-8.343,S2674,,,,"S. 2674.  SENATE VERSION OF HR. 8996, AUTHORIZING APPROPRIATIONS FOR ATOMIC ENERGY COMMISSION.  DWORSHAK (R, IDAHO) AMENDMENT TO REDUCE APPROPRIATION FOR URANIUM REACTOR.  REJECTED."
85,Senate,94,1957-08-16,,,34,42,-0.235,-0.91,-0.231,0.398,-18.91,S2674,,,,"S. 2674.  SENATE VERSION OF HR. 8996,  AUTHORIZING APPROPRIATIONS FOR ATOMIC ENERGY COMMISSION.  HICKENLOOPER (R, IOWA) AMENDMENT TO REDUCE APPROPRIATION FOR URANIUM REACTOR AND PLUTONIUM PLANT.  REJECTED."
85,Senate,95,1957-08-16,,,34,42,-0.168,-0.856,-0.223,0.357,-19.245,S2674,,,,"S. 2674.  ATOMIC ENERGY COMMISSION APPROPRIATIONS. AMENDMENT TO AUTHORIZE COOPERATIVE POWER REACTOR DEMONSTRATION PROGRAM AND TO ELIMINATE REQUIREMENT THAT ATOMIC ENERGY COMMISSION CONTRACT DIRECTLY WITH MANUFACTURERS AND ENGINEERS FOR CONSTRUCTION, AND WITH COOPERATIVES FOR OPERATION, OF THE PLANTS.  REJECTED."
85,Senate,96,1957-08-21,,,65,4,0.174,0.919,0.182,1.559,-6.475,S2792,,,,S. 2792.  REVISION OF IMMIGRATION AND NATIONALITY LAW TO RELIEVE CERTAIN 'HARDSHIP' CASES.  PASSED.  YEA SUPPORTS PRESIDENT'S POSITION.
85,Senate,97,1957-08-22,,,19,62,-0.305,0.024,0.144,0.031,-36.139,S939,,,,S. 939.  BILL TO INSURE THAT RAILROADS CAN CONTINUE TO OFFER LOWER THAN PUBLISHED RATES FOR TRANSPORTING GOVERNMENT PERSONNEL AND FREIGHT.  MOTION TO DELAY ACTION ON CONFERENCE REPORT UNTIL SECOND SESSION.  REJECTED.
85,Senate,98,1957-08-26,,,30,45,0.171,-0.008,-0.639,0.661,-11.143,S2377,,,,S. 2377.  AMEND U.S. CODE TO RESTRICT USE OF FBI FILES BY DEFENDANTS IN CRIMINAL CASES.  AMENDMENT TO ELIMINATE REFERENCE TO FEDERAL RULES OF CRIMINAL PROCEDURE. REJECTED.
85,Senate,99,1957-08-26,,,37,43,0.404,0.915,-0.425,0.738,-13.677,S2377,,,,S. 2377.  AMEND U.S. CODE TO RESTRICT USE OF FBI FILES IN CRIMINAL CASES.  AMENDMENT TO PERMIT GOVERNMENT TO PRODUCE RECORDINGS RATHER THAN RECORDS OF WITNESSES' STATEMENTS.  REJECTED.  (SEE CQ 1079)
85,Senate,100,1957-08-27,,,59,28,0.494,-0.166,0.178,0.932,-32.898,HR9302,,,,HR. 9302.  MUTUAL SECURITY APPROPRIATIONS FOR FISCAL 1958. AMENDMENT TO INCREASE MILITARY ASSISTANCE FUNDS. ACCEPTED.  YEA SUPPORTS PRESIDENT'S POSITION.
85,Senate,101,1957-08-27,,,62,25,0.255,0.128,0.436,1.733,-17.494,HR9302,,,,HR. 9302.  MUTUAL SECURITY APPROPRIATIONS FOR FISCAL 1958.  PASSED.  YEA SUPPORTS PRESIDENT'S POSITION.
85,Senate,102,1957-08-27,,,69,17,0.334,-0.344,0.201,-0.123,-27.6,HR4274,,,,HR. 4274.  POSTAL PAY INCREASE BILL.  PASSED.  NAY SUPPORTS PRESIDENT'S POSITION.
85,Senate,103,1957-08-27,,,64,22,0.297,-0.171,0.179,0.016,-34.567,HR2462,,,,HR. 2462.  FEDERAL EMPLOYEES' SALARY INCREASE. PASSED.  NAY SUPPORTS PRESIDENT'S POSITION.
85,Senate,104,1957-08-27,,,18,66,0.024,0.603,-0.052,-2.062,-9.003,HR6127,,,,HR. 6127.  CIVIL RIGHTS ACT OF 1957.  MOTION TO SEND HOUSE-MODIFIED JURY PROVISION TO SENATE JUDICIARY COMMITTEE.  REJECTED.  NAY SUPPORTS PRESIDENT'S POSITION.
85,Senate,105,1957-08-29,,,60,15,0.066,0.579,0.077,1.992,-8.823,HR6127,,,,HR. 6127.  CIVIL RIGHTS ACT OF 1957.  MOTION THAT SENATE CONCUR IN HOUSE-APPROVED PROVISION PERMITTING A JURY TRIAL IN SOME CRIMINAL CONTEMPT CASES INVOLVING VOTING RIGHTS.  AGREED TO.  YEA SUPPORTS PRESIDENT'S POSITION.
85,Senate,106,1957-08-29,,,59,19,0.291,0.083,0.433,1.703,-17.862,HR9302,,,,HR. 9302.  MUTUAL SECURITY APPROPRIATIONS FOR FISCAL 1958.  CONFERENCE REPORT.  ADOPTED.  YEA SUPPORTS PRESIDENT'S POSITION.
85,Senate,107,1957-08-30,,,74,2,-0.788,-0.326,-0.264,0.228,-10.625,S2377,,,,S. 2377.  AMEND U.S. CODE TO RESTRICT USE OF FBI FILES BY DEFENDANTS IN CRIMINAL CASES.  ADOPTION OF CONFERENCE REPORT.  YEA SUPPORTS PRESIDENT'S POSITION.
85,Senate,108,1958-02-03,,,78,0,0.0,0.0,0.0,0.0,0.0,HR10146,,,,HR. 10146.  FISCAL 1958 SUPPLEMENTAL DEFENSE APPROPRIAPTION BILL FOR ACCELERATED MISSLE-DEFENSE PROGRAM. PASSED.  YEA SUPPORTS PRESIDENT'S POSITION.
85,Senate,109,1958-02-05,,,28,61,0.221,-0.009,-0.217,0.098,-28.791,SRE231,,,,"S.RES. 231.  RESOLUTION PROVIDING FUNDS FOR INVESTIGATIONS BY SENATE SUBCOMMITTEE ON ANTITRUST AND MONOPOLY. AMEND. TO PROVIDE $250,000 INSTEAD OF $365,000.  REJECTED."
85,Senate,110,1958-02-05,,,25,49,0.25,0.145,-0.653,0.813,-10.296,SRE250,,,,S. RES. 250.  FUNDS FOR INVESTIGATION BY SENATE RULES AND ADMINISTRATION SUBCOMMITTEE ON PRIVILEGES AND ELECTIONS. AMENDMENT TO LIMIT SUB-COMMITTEE TO THREE EMPLOYEES. REJECTED.
85,Senate,111,1958-02-06,,,78,1,0.0,0.0,0.0,0.0,0.0,SRE256,,,,S. RES. 256.  ESTABLISH SENATE COMMITTEE ON AERONAUTICS AND SPACE EXPLORATION.  ADOPTED.
85,Senate,112,1958-02-20,,,14,70,-0.753,0.025,0.102,0.078,-37.086,HR5822,,,,HR. 5822.  PERMIT SUBSIDIZED AIRLINES TO RETAIN NET CAPITAL GAINS FROM SALE OF OLD EQUIPMENT FOR REINVESTMENT OF CAPITAL GAINS TO GOVERNMENT OVER SIX-YEAR PERIOD. REJECTED.
85,Senate,113,1958-02-24,,,12,74,0.426,0.245,-0.152,-0.33,-27.037,HR9955,,,,HR. 9955.  BILL TO INCREASE NATIONAL DEBT LIMIT TEMPORARILY BY $5 BILLION.  MOTION TO RECOMMIT. REJECTED. NAY SUPPORTS PRESIDENT'S POSITION.
85,Senate,114,1958-02-24,,,27,56,0.262,0.059,-0.15,-0.453,-38.364,HR9955,,,,HR. 9955.  INCREASE NATIONAL DEBT LIMIT TEMPORARILY. AMENDMENT TO LIMIT INCREASE TO $3 BILLION.  REJECTED.
85,Senate,115,1958-02-26,,,42,49,0.16,0.449,0.136,-0.394,-24.531,HR5836,,,,HR. 5836.  INCREASES IN POSTAL RATES.  AMEND TO SET FOUR-CENT RATE ON ALL FIRST CLASS MAIL.  REJECTED.  NAY SUPPORTS PRESIDENT'S POSITION.
85,Senate,116,1958-02-27,,,33,57,-0.627,-0.779,0.162,-0.394,-40.0,HR5836,,,,HR. 5836.  INCREASES IN POSTAL RATES.  AMENDMENT TO PLACE LIMIT ON SUBSIDY RECEIVED BY PUBLISHERS OF MAGAZINES OR OTHER SECOND-CLASS MAIL ADVERTISING MATTER.  REJECTED.
85,Senate,117,1958-02-27,,,40,48,-0.17,-0.159,0.181,-0.503,-17.217,HR5836,,,,HR. 5836.  INCREASES IN POSTAL RATES.  MOTION TO RECOMMIT WITH INSTRUCTIONS TO ELIMINATE FIVE CENT RATE ON NON-LOCAL FIRST CLASS LETTERS.  REJECTED.  ANY SUPPORTS PRESIDENT'S POSITION.
85,Senate,118,1958-02-27,,,17,71,-0.434,-0.901,0.118,0.043,-37.241,HR5836,,,,"HR. 5836.  INCREASES IN POSTAL RATES.  AMENDMENT TO RAISE SECOND CLASS RATES FOR ADVERTISING MATTER IN NEWSPAPERS AND MAGAZINES BY THREE ANNUAL INCREASES OF 30 PERCENT, RATHER THAN 20 PERCENT, OF CURRENT RATES. REJECTED."
85,Senate,119,1958-02-28,,,35,49,-0.42,0.908,0.106,0.233,-50.586,HR5836,,,,HR. 5836.  INCREASES IN POSTAL RATES.  AMENDMENT TO ELIMINATE 1/4 CENT INCREASE IN MINIMUM PIECE RATE ON NONPROFIT SECOND CLASS PUBLICATIONS.  REJECTED.
85,Senate,120,1958-02-28,,,6,79,-0.395,-0.911,0.02,0.766,-15.965,HR5836,,,,HR. 5836.  POSTAL RATES INCREASES.  AMENDMENT TO PROVIDE TWO CENT RATE ON THIRD CLASS MAIL PREPARED IN A PRESCRIBED MANNER.  REJECTED.
85,Senate,121,1958-02-28,,,29,54,0.336,0.942,-0.263,0.206,-25.673,HR5836,,,,HR. 5836.  INCREASES IN POSTAL RATES.  AMENDMENT TO ADD PAY INCREASE BILL FOR POSTAL WORKERS.  REJECTED.
85,Senate,122,1958-02-28,,,50,31,0.668,-0.724,0.029,-0.022,-58.589,HR5836,,,,HR. 5836.  INCREASES IN POSTAL RATES.  AMENDMENT TO PROVIDE TEMPORARY COST-OF-LIVING PAY INCREASES FOR POSTAL SUPERVISORS AND LOWER-LEVEL EMPLOYEES.  ACCEPTED.  (LATER RECONSIDERED AND REJECTED BY VOICE VOTE.  SEE CQ 67.)
85,Senate,123,1958-03-10,,,36,48,-0.491,-0.119,0.043,-0.203,-53.039,HR10881,,,,HR. 10881.  FISCAL 1958 SECOND SUPPLEMENTAL APPROPRIATIONS BILL.  MOTION TO SUSPEND RULES AND AMEND TO ALLOW COTTON FARMERS TO WITHDRAW FROM SOIL BANK PROVIDED THEY GIVE UP PRICE SUPPORT PAYMENT RIGHTS ON ADDITIONAL COTTON ACREAGE.  TWO-THIRDS MAJORITY REQUIRED.  REJECTED.
85,Senate,124,1958-03-11,,,30,59,0.983,0.127,-0.04,0.031,-59.408,HR10881,,,,HR. 10881.  FISCAL 1958 SECOND SUPPLEMENTAL APPROPRIATIONS BILL.  MOTION TO SUSPEND RULES AND AMEND TO PROVIDE THAT PRICE SUPPORTS FOR DAIRY PRODUCTS FOR 1958 SHOULD NOT BE LESS THAN FOR 1957.  TWO-THIRDS MAJORITY REQUIRED.  REJECTED.  NAY SUPPORTS PRESIDENT'S POSITION.
85,Senate,125,1958-03-11,,,29,50,-0.51,-0.679,0.204,-0.411,-29.593,HR10881,,,,HR. 10881.  FISCAL 1958 SECOND SUPPLEMENTAL APPROPRIATIONS BILL.  POINT OF ORDER AGAINST SECTION PROVIDING COMPENSTATION FOR CHAIRMAN OF FEDERAL POWER COMMISSION BETWEEN EXPIRATION OF PRIOR APPOINTMENT AND CONFIRMATION OF PRESENT APPOINTMENT.  REJECTED.
85,Senate,126,1958-03-12,,,93,1,0.0,0.0,0.0,0.0,0.0,SCRE68,,,,S.CON.RES. 68. RESOL. CALLING ON PRES. TO ACCELERATE SPENDING OF FUNDS APPROPRIATED FOR CIVIL CONSTRUCTION PROJECTS.  APPROVED
85,Senate,127,1958-03-12,,,47,47,-0.142,-0.99,0.242,-0.258,-25.487,S3148,,,,S. 3148.  EMERGENCY HOUSING BILL.  AMENDMENT TO ELIMINATE RAISING OF INTEREST RATE ON GI LOANS.  REJECTED. NAY SUPPORTS PRESIDENT'S POSITION.
85,Senate,128,1958-03-12,,,47,47,-0.142,-0.99,-0.242,0.258,-25.487,S3148,,,,S. 3148.  EMERGENCY HOUSING BILL.  MOTION TO TABLE CAPEHART MOTION TO RECONSIDER THE VOTE ON MONRONEY AMENDMENT (CQ 20).  NIXON VOTED YEA TO BREAK TIE.  YEA SUPPORTS PRESIDENT'S POSITION.
85,Senate,129,1958-03-12,,,45,43,-0.199,-0.921,-0.284,0.375,-16.688,S3148,,,,S. 3148.  EMERGENCY HOUSING BILL.  MOTION TO TABLE AMENDMENT DECLARING IT THE SENSE OF CONGRESS THAT FEDERAL RESERVE BOARD SHOULD STIMULATE FLOW OF MORTGAGE MONEY. AGREED TO.
85,Senate,130,1958-03-12,,,86,0,0.0,0.0,0.0,0.0,0.0,S3148,,,,S. 3148.  EMERGENCY HOUSING BILL.  PASSED
85,Senate,131,1958-03-13,,,50,43,-0.182,-0.635,0.133,-0.292,-35.788,SJRE162,,,,S.J.RES. 162.  BAR REDUCTIONS IN PRICE SUPPORTS ACREAGE ALLOTMENTS FOR FARM COMMODITIES EXCEPT TOBACCO (PROTECTED BY OTHER LEGISLATION) BELOW 1957 LEVEL. PASSED.  NAY SUPPORTS PRESIDENT'S POSITION.  (SEE CQ 34.)
85,Senate,132,1958-03-13,,,43,50,-0.084,0.247,0.078,0.08,-58.562,SJRE163,,,,S.J.RES. 163.  BAR REDUCTION IN PRICE SUPPORTS FOR DAIRY PRODUCTS BELOW 1957 LEVEL.  REJECTED.  NAY SUPPORTS PRESIDENT'S POSITION.
85,Senate,133,1958-03-13,,,14,71,-0.369,0.504,0.149,-0.124,-31.335,HR10021,,,,HR. 10021.  TAX INCOME OF INSURANCE COMPANIES ACCORDING TO 1955 FORMULA FOR TAXABLE YEARS BEGINNING IN 1957.  AMENDMENT TO CUT TAXES BY REDUCING INDIVIDUAL INCOME TAX RATE AND REDUCING CERTAIN EXCISE TAXES. REJECTED.  NAY SUPPORTS PRESIDENT'S POSITION.
85,Senate,134,1958-03-14,,,19,64,-0.209,0.703,0.218,-0.198,-25.718,HR10021,,,,HR. 10021.  INSURANCE COMPANY TAXES.  AMENDMENT TO INCREASE PERSONAL TAX EXEMPTION FOR INDIVIDUALS.  REJECTED. NAY SUPPORTS PRESIDENT'S POSITION.
85,Senate,135,1958-03-14,,,61,19,-0.371,0.068,-0.103,-0.004,-45.056,HR10021,,,,HR. 10021.  INSURANCE COMPANY TAXES.  PASSED.
85,Senate,136,1958-03-14,,,76,0,0.0,0.0,0.0,0.0,0.0,SCRE69,,,,S.CON.RES. 69.  RESOLUTION CALLING ON PRESIDENT TO ACCELERATE EXPENDITURE OF FUNDS ALREADY APPROPRIATED FOR MILITARY CONSTRUCTION PROJECTS AS ANTI-RECESSION MEASURE. ADOPTED.
85,Senate,137,1958-03-20,,,44,39,0.036,0.214,-0.174,0.324,-21.408,S3420,,,,S. 3420.  EXTEND AGRICULTURAL TRADE DEVELOPMENT AND ASSISTANCE ACT UNDER WHICH AGRICULTURAL SURPLUSES ARE SOLD AND BARTERED IN FOREIGN COUNTRIES.  AMENDMENT TO ELIMINATE REQUIREMENT THAT SECRETARY BARTER UP TO $500 MILLION A YEAR AND PERMIT DUTY-FREE ENTRY OF NON-STRATEGIC MATERIALS.
85,Senate,138,1958-03-20,,,25,58,0.342,-0.319,-0.15,-0.132,-43.769,S3420,,,,S. 3420.  EXTENSION OF AGRICULTURAL TRADE DEVELOPMENT AND ASSISTANCE ACT.  AMENDMENT TO GIVE CONGRESS CONTROL OVER SPENDING FOREIGN CURRENCIES RECEIVED FROM SALE OF FARM SURPLUSES.  REJECTED.
85,Senate,139,1958-03-20,,,24,53,0.187,0.343,-0.236,-0.116,-28.464,S3420,,,,S. 3420.  EXTENSION OF AGRICULTURAL TRADE DEVELOPMENT AND ASSISTANCE ACT.  AMENDMENT TO BAR SALES OF FARM SURPLUSES TO COUNTRIES NOT PROMISING TO DENY SUPPORT TO SOVIET UNION IN WAR AGAINST U.S. REJECTED.  NAY SUPPORTS PRESIDENT'S POSITION.
85,Senate,140,1958-03-20,,,38,42,0.038,-0.089,-0.213,0.228,-21.363,S3420,,,,S. 3420.  EXTENSION OF AGRICULTURAL TRADE DEVELOPMENT AND ASSISTANCE ACT.  AMENDMENT TO RESTRICT EXTENSION OF LAW TO ONE YEAR.  REJECTED.  YEA SUPPORTS PRESIDENT'S POSITION.
85,Senate,141,1958-03-21,,,48,32,-0.355,-0.935,0.138,-0.47,-33.896,SJRE162,,,,S.J.RES. 162.  FARM PRICE SUPPORT FREEZE.  MOTION TO PREVENT THE LOWERING OF FARM SUPPORTS BELOW 1957 LEVEL. ACCEPTED.  NAY SUPPORTS PRESIDENT'S POSITON.
85,Senate,142,1958-03-26,,,31,58,-0.052,0.461,-0.137,-0.514,-39.46,S3414,,,,"S. 3414.  FEDERAL AID HIGHWAY ACT OF 1958. AMENDMENT TO PERMIT ERECTION OF SIGNS, AUTHORIZED BY LAW, ALONG INTERSTATE HIGHWAYS.  REJECTED."
85,Senate,143,1958-03-26,,,41,47,0.423,-0.465,-0.151,-0.551,-45.666,S3414,,,,S. 3414.  FEDERAL-AID HIGHWAY ACT OF 1958. AMENDMENT TO STRIKE PROVISION FOR BONUS IN FEDERAL INTERSTATE HIGHWAY FUNDS TO STATES THAT REGULATE BILLBOARD ADVERTISING.  REJECTED.  NAY SUPPORTS PRESIDENT'S POSITION.
85,Senate,144,1958-03-26,,,47,38,0.022,-0.271,-0.122,-0.156,-45.339,S3414,,,,S. 3414.  FEDERAL AID HIGHWAY ACT OF 1958. AMENDMENT TO RETAIN 90 PERCENT CEILING ON FEDERAL SHARE OF HIGHWAY CONSTRUCTION COSTS. AGREE TO.
85,Senate,145,1958-03-27,,,84,4,0.322,0.947,0.17,0.319,-16.757,HR9821,,,,HR. 9821.  SUBSTITUTE SENATE VERSION OF FEDERAL-AID HIGHWAY ACT OF 1958 (S 3414) FOR HOUSE TEXT (HR 9821). AMENDED BILL ACCEPTED.
85,Senate,146,1958-04-01,,,36,41,-0.101,-0.475,0.31,-0.482,-10.397,S3497,,,,S. 3497.  COMMUNITY FACILITIES ACT OF 1958. MANSFIELD MOTION TO TABLE KNOWLAND MOTION TO POSTPONE FURTHER CONSIDERATION OF S. 3497 UNTIL APRIL 14.  REJECTED.
85,Senate,147,1958-04-01,,,40,40,-0.095,-0.37,0.278,-0.578,-10.126,S3497,,,,S. 3497.  COMMUNITY FACILITIES ACT.  THURMOND MOTION TO AMEND KNOWLAND MOTION BY POSTPONING CONSIDERATION OF S. 3497 UNTIL APRIL 2 RATHER THAN APRIL 14.  REJECTED
85,Senate,148,1958-04-01,,,41,39,-0.095,-0.37,-0.278,0.578,-10.126,S3497,,,,S. 3497.  COMMUNITY FACILITES ACT.  MOTION TO POSTPONE CONSIDERATION OF S 3497 UNTIL APRIL 14.  AGREED TO (SEE CQ 43.)
85,Senate,149,1958-04-02,,,52,11,0.478,0.878,0.178,-0.116,-34.721,S497,,,,S. 497.  RIVER AND HARBOR AND FLOOD CONTROL ACTS OF 1958. AUTHORIZATION OF FUNDS FOR CONSTRUCTION.  CONFERENCE REPORT AGREED TO.  NAY SUPPORTS PRESIDENT'S POSITION. (SEE CQ 108.)
85,Senate,150,1958-04-15,,,40,41,0.015,-0.005,0.32,-0.506,-7.486,S3497,,,,S. 3497.  COMMUNITY FACILITIES ACT OF 1958.  AMENDMENT TO LOWER INTEREST RATES ON LOANS TO STATES AND CITIES FOR BUILDING PUBLIC FACILITIES.  REJECTED.  YEA SUPPORTS PRESIDENT'S POSITION.
85,Senate,151,1958-04-15,,,54,25,0.241,0.015,0.407,1.041,-19.842,S3497,,,,S. 3497.  COMMUNITY FACILITIES ACT OF 1958. AMENDMENT TO INCORPORATE PROVISIONS OF DAVIS-BACON ACT REGARDING PREVAILING WAGES AND 40 HOUR WEEK.  AGREED T.
85,Senate,152,1958-04-16,,,33,53,0.127,-0.262,-0.381,0.091,-18.436,S3497,,,,S. 3497.  COMMUNITY FACILITIES ACT OF 1958.  AMEND TO SUBSTITUTE 'REASONABLE TERMS' FOR 'FAVORABLE TERMS' IN PROVISION AUTHORIZING LOANS.  REJECTED.  YEA SUPPORTS PRESIDENT'S POSITION.
85,Senate,153,1958-04-16,,,33,52,0.135,-0.014,-0.297,0.235,-18.707,S3497,,,,S. 3497.  COMMUNITY FACILITIES ACT OF 1958.  REDUCE THE FUNDS AUTHORIZED IN THE BILL.  REJECTED.  YEA SUPPORTS PRESIDENT'S POSITION.
85,Senate,154,1958-04-16,,,60,27,0.294,0.012,0.125,-0.203,-36.893,S3497,,,,S. 3497.  COMMUNITY FACILITIES ACT OF 1958.  MOTION TO TABLE AMENDMENT TO REQUIRE THAT 50 PERCENT OF FUNDS AUTHORIZED BE USED FOR PUBLIC SCHOOL CONSTRUCTION. AGREED TO.
85,Senate,155,1958-04-16,,,60,26,0.207,0.001,0.276,0.012,-26.047,S3497,,,,S. 3497.  COMMUNITY FACILITIES ACT OF 1958. INCREASE FUNDS FOR LOANS TO STATES AND CITIES TO BUILD PUBLIC FACILITIES.  PASSED
85,Senate,156,1958-04-24,,,28,59,0.222,0.015,-0.327,0.131,-21.097,S2888,,,,S. 2888.  WELFARE AND PENSION PLANS DISCLOSURE ACT. AMENDMENT TO EXEMPT PLANS ESTABLISHED ON 'LEVEL OF BENEFITS' BASIS.  REJECTED.  NAY SUPPORTS PRESIDENT'S POSITION.
85,Senate,157,1958-04-25,,,37,53,0.178,-0.045,-0.702,0.645,-11.114,S2888,,,,S. 2888.  WELFARE AND PENSION PLANS DISCLOSURE ACT. AMENDMENT TO REQUIRE ELECTION OF UNION OFFICERS BY POPULAR VOTE EVERY FOUR YEARS AND MAKE FAILURE TO COMPLY AN UNFAIR LABOR PRACTICE PUNISHABLE BY LAW.  REJECTED.
85,Senate,158,1958-04-25,,,35,53,0.195,-0.048,-0.675,0.71,-12.724,S2888,,,,S. 2888.  WELFARE AND PENSION PLANS DISCLOSURE ACT. AMENDMENT TO ESTABLISH CONDITIONS FOR TRUSTEESHIPS OVER LOCAL UNIONS.  REJECTED.
85,Senate,159,1958-04-25,,,35,52,0.188,-0.087,-0.704,0.755,-10.183,S2888,,,,S. 2888.  WELFARE AND PENSION PLANS DISCLOSURE ACT. AMENDMENT TO MAKE ILLEGAL ANY PAYMENTS TO UNION REPRESENTATIVES BY AGENTS OF AN EMPLOYER.  REJECTED.  YEA SUPPORTS PRESIDENT'S POSITION
85,Senate,160,1958-04-25,,,33,53,0.19,-0.208,-0.698,0.852,-10.724,S2888,,,,S. 2888.  WELFARE AND PENSION PLANS DISCLOSURE ACT. AMENDMENT TO MAKE PUBLIC UNION FINANCIAL AND OTHER REPORTS AND NOTIFY ATTORNEY GENERAL OF FALSE INFORMATION FILED. REJECTED.  YEA SUPPORTS PRESIDENT'S POSITION.
85,Senate,161,1958-04-26,,,28,53,0.197,-0.271,-0.708,0.76,-12.141,S2888,,,,S. 2888.  WELFARE AND PENSION PLANS DISCLOSURE ACT. AMENDMENT TO BAR AS AN EXCLUSIVE BARGAINING AGENT A UNION THAT REFUSES TO GRANT EQUAL RIGHTS AND PRIVILEGES TO ALL MEMBERS.  REJECTED.
85,Senate,162,1958-04-28,,,33,50,0.181,-0.047,-0.691,0.677,-11.237,S2888,,,,S. 2888.  WELFARE AND PENSION PLANS DISCLOSURE ACT AMENDMENT TO ELIMINATE PROVISION BARRING PERMANENTLY REPLACED STRIKERS FROM VOTING IN REPRESENTATION ELECTION. REJECTED.  YEA SUPPORTS PRESIDENT'S POSITION.
85,Senate,163,1958-04-28,,,34,52,0.16,-0.178,-0.699,0.675,-11.277,S2888,,,,S. 2888.  WELFARE AND PENSION PLANS DISCLOSURE ACT. AMENDMENT TO PERMIT NLRB TO CERTIFY BUILDING CONSTRUCTION UNIONS AS EXCLUSIVE BARGAINING AGENTS WITHOUT PRIOR ELECTION.  REJECTED.  YEA SUPPORTS PRESIDENT'S POSITION.
85,Senate,164,1958-04-28,,,22,67,0.3,-0.017,-0.383,0.134,-20.77,S2888,,,,S. 2888.  WELFARE AND PENSION PLANS DISCLOSURE ACT. AMENDMENT TO PUBLISH REPORTS ON VIOLATIONS OF S 2888 OR MISHANDLING OF UNION FUNDS.  REJECTED.
85,Senate,165,1958-04-28,,,35,51,0.178,-0.046,-0.705,0.649,-11.122,S2888,,,,"S. 2888.  WELFARE AND PENSION PLANS DISCLOSURE ACT. AMEND TO PERMIT NLRB TO DECLINE JURISDICTION IN LABOR DISPUTES NOT AFFECTING COMMERCE, PERMITTING STATES TO HAVE JURISDICTION IN SUCH CASES.  REJECTED.  YEA SUPPORTS PRESIDENT'S POSITION."
85,Senate,166,1958-04-28,,,26,60,0.232,-0.023,-0.92,0.127,-16.973,S2888,,,,S. 2888.  WELFARE AND PENSION PLANS DISCLOSURE ACT. AMEND TO TIGHTEN PROHIBITION AGAINST SECONDARY BOYCOTTS. REJECTED.
85,Senate,167,1958-04-28,,,90,0,0.0,0.0,0.0,0.0,0.0,S2888,,,,"S. 2888.  WELFARE AND PENSION PLANS DISCLOSURE ACT. AMENDMENT TO BAR ANYONE INELIGIBLE TO VOTE BECAUSE OF STATE OR FEDERAL CONVICTION FOR SERVING AS WELFARE OR PENSION FUND EMPLOYEE, MANAGER, OR TRUSTEE.  AGREED TO."
85,Senate,168,1958-04-28,,,35,53,0.186,-0.024,-0.688,0.502,-13.307,S2888,,,,"S. 2888.  WELFARE AND PENSION PLANS DISCLOSURE ACT. AMENDMENT TO INVALIDATE UNION ELECTION IN WHICH MEMBER IS DEPRIVED OF HIS VOTE, IF VOTE DENIAL COULD HAVE AFFECTED ELECTION.  REJECTED"
85,Senate,169,1958-04-28,,,88,0,0.0,0.0,0.0,0.0,0.0,S2888,,,,S. 2888.  WELFARE AND PENSION PLANS DISCLOSURE ACT. PASSED.  YEA SUPPORTS PRESIDENT'S POSITION.
85,Senate,170,1958-04-29,,,87,0,0.0,0.0,0.0,0.0,0.0,HR11470,,,,HR. 11470.  RAISE PAY OF MILITARY PERSONNEL.  PASSED. YEA SUPPORTS PRESIDENT'S POSITION.
85,Senate,171,1958-05-13,,,26,59,0.189,-0.714,-0.255,0.181,-25.313,S3683,,,,S. 3683.  AREA REDEVELOPMENT ACT.  PROVIDE LOANS AND GRANTS FOR CHRONIC UNEMPLOYMENT AREAS.  AMEND TO PROHIBIT ANY LOANS TO HELP AN INDUSTRY TO RELOCATE.  REJECTED.
85,Senate,172,1958-05-13,,,46,36,-0.032,0.474,0.234,0.385,-30.866,S3683,,,,S.  3683.  AREA REDEVELOPMENT ACT.  PASSED.
85,Senate,173,1958-05-14,,,67,13,-0.053,0.705,0.145,2.124,-7.185,,,,,NOMINATION OF GORDON M. TIFFANY AS STAFF DIRECTOR OF CIVIL RIGHTS COMMISSION.  CONFIRMED.  YEA SUPPORTS PRESIDENT'S POSITION.
85,Senate,174,1958-05-21,,,88,0,0.0,0.0,0.0,0.0,0.0,HR5836,,,,HR. 5836.  POSTAL POLICY AND RATE INCREASE ACTS. INCREASE POSTAL RATES AND RAISE SALARIES.  CONFERENCE REPORT AGREED TO.
85,Senate,175,1958-05-27,,,21,63,-0.108,-0.383,0.245,0.3,-16.959,HR12065,,,,"HR. 12065.  TEMPORARY UNEMPLOYMENT COMPENSATION ACT OF 1958.  AMENDMENT TO EXTEND COVERAGE, INCREASE WEEKLY BENEFITS, SET UNIFORM DURATION PERIOD FOR PAYMENTS, AND PROVIDE BENEFITS FOR ONE YEAR.  REJECTED.  NAY SUPPORTS PRESIDENT'S POSITION."
85,Senate,176,1958-05-28,,,27,56,-0.011,-0.331,0.176,0.185,-34.396,HR12065,,,,"HR. 12065.  TEMPORARY UNEMPLOYMENT COMPENSATION ACT. AMEND TO EXTEND DURATION OF BENEFITS, PROVIDE FEDERAL ADMINISTRATION IF STATES DO NOT ACT, AND FORGIVE STATES FROM REPAYING IF STATE PROGRAMS ARE LIBERLIZED OR IF STATE RESERVE FUNDS ARE LOW.  REJECTED.  NAY SUPPORTS PRESIDENT'S POSITION."
85,Senate,177,1958-05-28,,,36,47,0.013,0.154,0.199,0.145,-34.147,HR12065,,,,HR. 12065.  TEMPORARY UNEMPLOYMENT COMPENSATION ACT. AMENDMENT TO EXTEND DURATION OF BENEFIT PAYMENTS AND PROVIDE FEDERAL ADMINISTRATION IF STATES DO NOT ACT.  REJECTED.  NAY SUPPORTS PRESIDENT'S POSITION.
85,Senate,178,1958-05-28,,,40,40,-0.174,-0.985,0.195,-0.279,-27.479,HR12065,,,,"HR. 12065.  TEMPORARY UNEMPLOYMENT COMPENSATION ACT OF 1958.  AMENDMENT TO INCREASE PUBLIC ASSISTANCE TO AGED, BLIND, AND DISABLED BY RAISING FEDERAL SHARE OF THE COST. REJECTED.  NAY SUPPORTS PRESIDENT'S POSITION."
85,Senate,179,1958-05-28,,,41,38,-0.186,-0.983,-0.197,0.289,-27.718,HR12065,,,,HR. 12065.  TEMPORARY UNEMPLOYMENT COMPENSATION ACT OF 1958.  MOTION TO TABLE MOTION TO RECONSIDER VOTE ON LONG AMENDMENT (CQ 71).  AGREED TO.  YEA SUPPORTS PRESIDENT'S POSITION.
85,Senate,180,1958-05-28,,,26,54,-0.222,0.571,0.184,0.247,-32.877,HR12065,,,,HR. 12065.  TEMPORARY UNEMPLOYMENT COMPENSATION ACT OF 1958.  AMENDMENT TO PROVIDE FEDERAL ADMINISTRATION OF TEMPORARY BENEFIT PROGRAM IF STATES DO NOT ACT. REJECTED.
85,Senate,181,1958-05-28,,,80,0,0.0,0.0,0.0,0.0,0.0,HR12065,,,,HR. 12065.  TEMPORARY UNEMPLOYMENT COMPENSATION ACT OF 1958.  PASSED.  YEA SUPPORTS PRESIDENT'S POSITION.
85,Senate,182,1958-06-04,,,16,56,-0.14,0.99,0.066,-0.228,-35.304,HR12181,,,,HR. 12181.  MUTUAL SECURITY ACT OF 1958.  AMENDMENT TO PLACE FUNDS FOR MILITARY ASSISTANCE AND DEFENSE SUPPORT UNDER DEPARTMENT OF DEFENSE BUDGET.  REJECTED.
85,Senate,183,1958-06-05,,,31,53,-0.567,0.146,0.053,-0.684,-37.388,HR12181,,,,HR. 12181.  MUTUAL SECURITY ACT OF 1958.  AMENDMENT TO CUT MILITARY ASSISTANCE AND DEFENSE SUPPORT FUNDS.  REJECTED.  NAY SUPPORTS PRESIDENT'S POSITION.
85,Senate,184,1958-06-05,,,33,46,0.693,-0.721,-0.065,-0.186,-52.57,HR12181,,,,HR. 12181.  MUTUAL SECURITY ACT OF 1958.  AMENDMENT TO BAR AID TO DOMINICAN REPUBLIC.  REJECTED.
85,Senate,185,1958-06-05,,,43,42,-0.062,0.347,-0.231,-0.397,-32.555,HR12181,,,,"HR. 12181.  MUTUAL SECURITY ACT OF 1958.  AMENDMENT TO STRIKE LANGUAGE GIVING THE PRESIDENT AUTHORITY TO APPROVE AID TO COMMUNIST NATIONS OTHER THAN SOVIET UNION, COMMUNIST CHINA AND NORTH KOREA.  AGREED TO. YEA SUPPORTS PRESIDENT'S POSITION."
85,Senate,186,1958-06-05,,,45,39,0.023,0.017,-0.266,-0.453,-27.144,HR12181,,,,HR. 12181.  MUTUAL SECURITY ACT OF 1958.  MOTION TO TABLE MOTION TO RECONSIDER VOTE ON CQ 78.  AGREED TO. YEA SUPPORTS PRESIDENT'S POSITION.
85,Senate,187,1958-06-06,,,35,47,0.107,-0.034,-0.202,-0.344,-34.866,HR12181,,,,HR. 12181.  MUTUAL SECURITY ACT OF 1958.  AMENDMENT TO ELIMINATE LANGUAGE STATING THAT U.S. SHOULD JOIN OTHER NATIONS TO HELP INDIA COMPLETE CURRENT ECONOMIC DEVELOPMENT PROGRAM.  REJECTED
85,Senate,188,1958-06-06,,,22,54,0.197,0.048,-0.242,-0.512,-29.67,HR12181,,,,HR. 12181.  MUTUAL SECURITY ACT OF 1958.  AMENDMENT TO BAR AID TO YUGOSLAVIA AND POLAND.  REJECTED.  NAY SUPPORTS PRESIDENT'S POSITION.
85,Senate,189,1958-06-06,,,24,46,0.573,-0.335,-0.282,-1.487,-27.896,HR12181,,,,HR. 12181.  MUTUAL SECURITY ACT OF 1958.  AMENDMENT TO REDUCE MILITARY ASSISTANCE FUNDS.  REJECTED.  NAY SUPPORTS PRESIDENT'S POSITION.
85,Senate,190,1958-06-06,,,43,28,0.06,-0.152,0.006,-0.642,-31.039,HR12181,,,,HR. 12181.  MUTUAL SECURITY ACT OF 1958.  AMENDMENT TO REQUIRE THAT MOST OF CUT IN COMBINED MILITARY ASSISTANCE AND DEFENSE SUPPORT AUTHORIZATION BE TAKEN FROM MILITARY ASSISTANCE.  AGREED TO. NAY SUPPORTS PRESIDENT'S POSITION.
85,Senate,191,1958-06-06,,,51,17,0.373,-0.11,0.318,1.285,-22.338,HR12181,,,,HR. 12181.  MUTUAL SECURITY ACT OF 1958.  PASSED. YEA SUPPORTS PRESIDENT'S POSITION.  (SEE CQ 195.)
85,Senate,192,1958-06-12,,,86,0,0.0,0.0,0.0,0.0,0.0,S3974,,,,S. 3974.  LABOR-MANAGEMENT REPORTING AND DISCLOSURE ACT OF 1958.  AMENDMENT TO EMPOWER SECRETARY OF LABOR TO SUBPOENA INDIVIDUALS AND RECORDS WHEN MAKING INVESTIGATIONS. AGREED TO.  YEA SUPPORTS PRESIDENT'S POSITION.
85,Senate,193,1958-06-12,,,85,0,0.0,0.0,0.0,0.0,0.0,S3974,,,,S. 3974.  LABOR-MANAGEMENT REPORTING AND DISCLOSURE ACT OF 1958.  AMENDMENT TO REQUIRE THAT UNION REPORT TO MEMBERS THE SAME INFORMATION AS THE SECRETARY OF LABOR.  AGREED TO. YEA SUPPORTS PRESIDENT'S POSITION.
85,Senate,194,1958-06-12,,,86,0,0.0,0.0,0.0,0.0,0.0,S3974,,,,S. 3974.  LABOR-MANAGEMENT REPORTING AND DISCLOSURE ACT OF 1958.  AMENDMENT TO BAR FROM UNION OFFICE PERSONS FAILING TO FILE INFOMATION UNDER TITLE I OF THE ACT. AGREED TO.
85,Senate,195,1958-06-12,,,79,1,0.0,0.0,0.0,0.0,0.0,S3974,,,,S. 3974.  LABOR-MANAGEMENT REPORTING AND DISCLOSURE ACT OF 1958.  AMENDMENT TO STRIKE PROVISION EXEMPTING UNIONS WITH LESS THAN 200 MEMBERS FROM REPORTING AND DISCLOSURE SECTIONS.  AGREED TO.  YEA SUPPORT PRESIDENT'S POSITION.
85,Senate,196,1958-06-12,,,38,47,0.105,-0.006,-0.294,-0.18,-26.668,S3974,,,,S. 3974.  LABOR-MANAGEMENT REPORTING AND DISCLOSURE ACT OF 1958.  AMENDMENT TO STRIKE LANGUAGE NARROWING THE DEFINITION OF SUPERVISOR UNDER TAFT-HARTLEY ACT.  REJECTED.
85,Senate,197,1958-06-12,,,83,2,0.0,0.0,0.0,0.0,0.0,S3974,,,,S. 3974.  LABOR-MANAGEMENT REPORTING AND DISCLOSURE ACT OF 1958.  AMENDMENT TO MAKE CONFERENCES AND ASSOCIATIONS OF LABOR REPRESENTATIVES SUBJECT TO ACT.  AGREED TO.  YEA SUPPORTS PRESIDENT'S POSITION.
85,Senate,198,1958-06-13,,,27,60,0.147,0.286,-0.341,-0.443,-25.907,S3974,,,,S. 3974.  LABOR-MANAGEMENT REPORTING AND DISCLOSURE ACT OF 1958.  AMENDMENT TO PERMIT STATES TO REGULATE OR PROHIBIT STRIKES IN PUBLIC UTILITIES.  REJECTED.
85,Senate,199,1958-06-13,,,43,46,0.033,-0.006,0.426,0.325,-20.037,S3974,,,,S. 3974.  LABOR-MANAGEMENT REPORTING AND DISCLOSURE ACT OF 1958.  AMENDMENT TO REQUIRE NLRB TO ASSERT JURISDICTION IN CASES ARISING UNDER NATIONAL LABOR RELATIONS ACT. REJECTED.  NAY SUPPORTS PRESIDENT'S POSITION.
85,Senate,200,1958-06-13,,,37,53,0.147,-0.578,-0.378,-0.065,-21.76,S3974,,,,S. 3974.  LABOR-MANAGEMENT REPORTING AND DISCLOSURE ACT OF 1958.  AMENDMENT TO PERMIT STATE JURISDICTION OVER LABOR DISPUTES DECLINED BY NLRB.  REJECTED.  YEA SUPPORTS PRESIDENT'S POSITION.
85,Senate,201,1958-06-13,,,42,47,0.064,0.02,-0.29,0.118,-19.507,S3974,,,,S. 3974.  LABOR-MANAGEMENT REPORTING AND DISCLOSURE ACT OF 1958.  AMENDMENT TO IMPOSE FIDUCIARY RESPONSIBILITY ON PERSONS HANDLING UNION MONIES AND PERMIT MEMBERS TO SUE IN FEDERAL COURTS AGAINST MISUSE.  REJECTED.  YEA SUPPORT PRESIDENT'S POSITION.
85,Senate,202,1958-06-14,,,30,53,0.192,-0.011,-0.694,0.49,-13.571,S3974,,,,S. 3974.  LABOR-MANAGEMENT REPORTING AND DISCLOSURE ACT OF 1958.  AMENDMENT TO BAR ACCESS TO NLRB TO UNIONS NOT FILING WITH SECRETARY OF LABOR AND MAKING AVAILABLE ORGANIZATIONAL AND FINANCIAL REPORTS AND CODUMENTS TO MEMBERS. REJECTED.  YEA SUPPORTS PRESIDENT'S POSITION.
85,Senate,203,1958-06-14,,,31,52,0.139,-0.033,-1.07,-0.134,-16.892,S3974,,,,S. 3974.  LABOR-MANAGEMENT REPORTING AND DISCLOSURE ACT OF 1958.  AMENDMENT TO REQUIRE SECRET BALLOT REFERENDA ON RECALL OF OFFICERS OR CHANGES IN CONSTITUTION AND BY-LAWS ON PETITION OF 1/5 OF THE MEMBERS.  REJECTED
85,Senate,204,1958-06-14,,,27,52,0.253,0.96,-0.231,0.104,-27.269,S3974,,,,S. 3974.  LABOR-MANAGEMENT REPORTING AND DISCLOSURE ACT OF 1958.  AMENDMENT TO REQUIRE LOCAL UNIONS TO CONSIDER REMOVING OFFICERS ON PETITION OF 1/3 OF THE MEMBERS. REJECTED.
85,Senate,205,1958-06-14,,,24,58,0.22,-0.109,-0.28,-0.042,-24.779,S3974,,,,S. 3974.  LABOR-MANAGEMENT REPORTING AND DISCLOSURE ACT OF 1958.  AMENDMENT TO PROVIDE THAT OFFICERS MAY BE REMOVED BY MAJORITY VOTE EQUAL TO AT LEAST 60 PERCENT OF TOTAL VOTES CAST WHEN THE OFFICER WAS ELECTED.  REJECTED.
85,Senate,206,1958-06-14,,,78,4,-0.984,-0.154,-0.192,-0.208,-16.802,S3974,,,,"S. 3974.  LABOR-MANAGEMENT REPORTING AND DISCLOSURE ACT OF 1958.  AMENDMENT TO REQUIRE SECRET BALLOT ELECTION OF INTERNATIONAL UNION OFFICERS AT LEAST ONCE EVERY FOUR YEARS, AND LOCAL OFFICERS AT LEAST ONCE EVERY THREE YEARS. AGREED TO.  YEA SUPPORTS PRESIDENT'S POSITION."
85,Senate,207,1958-06-14,,,47,35,0.064,-0.011,0.252,-0.189,-16.22,S3974,,,,S. 3974.  LABOR-MANAGEMENT REPORTING AND DISCLOSURE ACT OF 1958.  AMENDMENT TO INSURE MEMBERS THE RIGHT TO REMOVE OFFICERS FOR CAUSE BY MAJORITY VOTE.  AGREED TO.
85,Senate,208,1958-06-16,,,66,20,-0.199,-0.319,-0.141,-0.242,-33.257,S3974,,,,S. 3974.  LABOR-MANAGEMENT REPORTING AND DISCLOSURE ACT OF 1958.  AMENDMENT TO REQUIRE EMPLOYERS TO SIGN NONCOMMUNIST AFFIDAVITS TO GAIN ACCESS TO NLRB AND RETAIN SIMILAR TAFT-HARTLEY REQUIREMENT FOR UNION OFFICERS.  AGREED TO. NAY SUPPORTS PRESIDENT'S POSITION.
85,Senate,209,1958-06-16,,,32,51,0.143,-0.0,-0.461,-0.314,-19.25,S3974,,,,"S. 3974.  LABOR-MANAGEMENT REPORTING AND DISCLOSURE ACT OF 1958.  AMENDMENT TO BAR ""HOT CARGO"" CONTRACTS AND TO STRENGTHEN LAWS AGAINST SECONDARY BOYCOTTS, AND RECOGNITION AND ORGANIZATIONAL PICKETING.  REJECTED."
85,Senate,210,1958-06-16,,,30,51,0.153,-0.011,-0.33,-0.051,-22.515,S3974,,,,"S. 3974.  LABOR-MANAGEMENT REPORTING AND DISCLOSURE ACT OF 1958.  AMENDMENT TO PERMIT SECRETARY OF LABOR TO BRING SUIT, ON COMPLAINT OF A UNION MEMBER, FOR RECOVERY OF THE MEMBER'S DUES IF UNION FUNDS ARE NOT USED SOLELY FOR COLLECTIVE BARGAINING AND RELATED ACTIVITIES.  REJECTED."
85,Senate,211,1958-06-17,,,32,57,0.227,-0.04,-0.627,0.899,-13.898,S3974,,,,S. 3974.  LABOR-MANAGEMENT REPORTING AND DISCLOSURE ACT OF 1958.  AMENDMENT TO BAR UNION CONTRACT NO-STRIKE CLAUSES UNLESS APPROVED BY MAJORITY OF MEMBERSHIP ON SECRET BALLOT.  REJECTED.
85,Senate,212,1958-06-17,,,44,45,0.031,0.299,-0.271,-0.064,-24.676,S3974,,,,"S. 3974.  LABOR-MANAGEMENT REPORTING AND DISCLOSURE ACT OF 1958.  AMENDMENT TO REQUIRE ELECTION SUPERVISION BY BOARD OF REPRESENTATIVES FOR ALL CANDIDATES, EXCLUDING THE CANDIDATES THEMSELVES AND OFFICERS.  REJECTED."
85,Senate,213,1958-06-17,,,29,60,0.058,0.404,-0.12,-0.384,-42.792,S3974,,,,S. 3974.  LABOR-MANAGEMENT REPORTING AND DISCLOSURE ACT OF 1958.  AMENDMENT TO STRIKE PROVISION PERMITTING BUILDING TRADES AND CONSTRUCTION EMPLOYERS TO CONCLUDE CONTRACTS WITH UNIONS NOT HAVING WON REPRESENTATION ELECTION. REJECTED.  NAY SUPPORTS PRESIDENT'S POSITION.
85,Senate,214,1958-06-17,,,88,1,0.0,0.0,0.0,0.0,0.0,S3974,,,,S. 3974.  LABOR-MANAGEMENT REPORTING AND DISCLOSURE ACT OF 1958.  PASSED
85,Senate,215,1958-06-17,,,75,1,0.0,0.0,0.0,0.0,0.0,S3910,,,,"S. 3910.  RIVER AND HARBOR AND FLOOD CONTROL ACT OF 1958.  REVISED VERSION OF VETOED BILL, S. 497.  PASSED."
85,Senate,216,1958-06-18,,,23,65,-0.261,0.577,0.129,-0.086,-37.757,HR12695,,,,"HR. 12695.  TAX RATE EXTENSION ACT OF 1958, PROVIDING FOR A ONE YEAR ENTENSION OF EXISTING CORPORATE AND CERTAIN EXCISE TAXES.  AMENDMENT TO REDUCE TAXES BY CUTTING PERSONAL INCOME TAX, REDUCING OR REPEALING CERTAIN EXCISE TAXES, AND GIVING TAX RELIEF TO SMALL BUSINESSES.  REJECTED. NAY SUPPORTS PRESIDENT'S POSITION."
85,Senate,217,1958-06-19,,,32,59,-0.322,0.947,0.104,0.059,-52.335,HR12695,,,,"HR. 12695.  TAX RATE EXTENSION ACT OF 1958.  AMENDMENT TO REPEAL EXCISE TAX ON PASSENGER CARS AND AUTO PARTS, AND REDUCE EXCISE TAX ON TRUCKS AND BUSES.  REJECTED.  NAY SUPPORTS PRESIDENT'S POSITION.  (SEE CQ 112.)"
85,Senate,218,1958-06-19,,,91,0,0.0,0.0,0.0,0.0,0.0,SCRE94,,,,S.CON.RES. 94.  EXPRESS CONGRESSIONAL INDIGNATION HUNGARIAN GOVERNMENT'S EXECUTION OF IMRE NAGY AND OTHER LEADERS OF 1956 REVOLUTION.  ADOPTED.
85,Senate,219,1958-06-19,,,24,66,-0.288,-0.206,0.129,0.018,-37.641,HR12695,,,,"HR. 12695.  TAX RATE EXTENSION ACT OF 1958.  AMENDMENT TO RETURN TO MANUFACTURER HALF OF EXCISE TAX ON AUTOS, IF PAID BY HIM TO ULTIMATE PURCHASER.  REJECTED.  NAY SUPPORTS PRESIDENT'S POSITION."
85,Senate,220,1958-06-19,,,59,25,0.118,-0.993,0.046,-0.117,-56.084,HR12695,,,,HR. 12695.  TAX RATE EXTENSION ACT OF 1958.  AMENDMENT TO REPEAL TAX ON FREIGHT TRANSPORTATION.  AGREED TO. NAY SUPPORTS PRESIDENT'S POSITION.
85,Senate,221,1958-06-19,,,50,35,-0.108,0.994,0.057,0.1,-61.047,HR12695,,,,HR. 12695.  TAX RATE EXTENSION ACT OF 1958.  AMENDMENT TO REPEAL TAX ON PASSENGER TRANSPORTATION.  AGREED TO. NAY SUPPORTS PRESIDENT'S POSITION.
85,Senate,222,1958-06-20,,,32,44,-0.295,0.951,0.084,0.11,-55.341,HR12695,,,,HR. 12695.  TAX RATE EXTENSION ACT OF 1958.  AMENDMENT TO REDUCE EXCISE TAX ON AUTOS.  REJECTED.  NAY SUPPORTS PRESIDENT'S POSITION.
85,Senate,223,1958-06-20,,,34,45,-0.19,0.982,0.125,0.082,-48.575,HR12695,,,,"HR. 12695.  TAX RATE EXTENSION ACT OF 1958.  AMENDMENT TO REDUCE CORPORATE TAX RATES, REJECTED.  NAY SUPPORTS PRESIDENT'S POSITION."
85,Senate,224,1958-06-20,,,20,55,-0.362,-0.064,0.125,-0.099,-35.118,HR12695,,,,HR. 12695.  TAX RATE EXTENSION ACT OF 1958.  AMENDMENT TO REDUCE OR REPEAL CERTAIN EXCISE TAXES.  REJECTED NAY SUPPORTS PRESIDENT'S POSITION.
85,Senate,225,1958-06-20,,,32,43,-0.152,0.988,0.073,0.004,-54.587,HR12695,,,,HR. 12695.  TAX RATE EXTENSION ACT OF 1958.  AMENDMENT TO REPEAL EXCISE TAX ON LOCAL TELEPHONE CALLS. REJECTED.  NAY SUPPORTS PRESIDENT'S POSITION.
85,Senate,226,1958-06-27,,,29,50,-0.345,0.909,-0.123,-0.506,-38.531,HR7999,,,,HR. 7999.  STATEHOOD FOR ALASKA.  AMENDMENT TO SUBSTITUTE BILL GRANTING COMMONWEALTH STATUS FOR THE STATEHOOD BILL.  REJECTED.  NAY SUPPORTS PRESIDENT'S POSITION.
85,Senate,227,1958-06-27,,,28,53,-0.284,0.956,-0.136,-0.468,-38.614,HR7999,,,,HR. 7999.  STATEHOOD FOR ALASKA.  POINT OF ORDER TO DELETE PROVISION PERMITTING PRESIDENT TO WITHDRAW LANDS FOR NATIONAL DEFENSE PURPOSES.  REJECTED.  NAY SUPPORTS PRESDENT'S POSITION.
85,Senate,228,1958-06-30,,,22,62,-0.269,0.963,-0.116,-0.483,-35.013,HR7999,,,,HR. 7999.  STATEHOOD FOR ALASKA.  POINT OF ORDER THAT THE ALASKA CONSTITUTION ENDORSED IN THE BILL VIOLATES THE U.S. CONSTITUTION IN ITS PROVISIONS FOR THE ELECTION OF SENATORS.  REJECTED.
85,Senate,229,1958-06-30,,,31,55,-0.25,0.946,-0.154,-0.442,-39.144,HR7999,,,,HR. 7999.  STATEHOOD FOR ALASKA.  MOTION TO REFER BILL TO SENATE ARMED SERVICES COMMITTEE. REJECTED
85,Senate,230,1958-06-30,,,16,67,-0.556,0.831,-0.061,-0.909,-29.141,HR7999,,,,HR. 7999.  STATEHOOD FOR ALASKA.  AMENDMENT TO ELIMINATE PROVISION FOR NATIONAL DEFENSE WITHDRAWALS BY ORDER OF PRESIDENT.  REJECTED.  NAY SUPPORT PRESIDENT'S POSITION.
85,Senate,231,1958-06-30,,,64,20,-0.516,0.856,0.031,0.493,-40.429,HR7999,,,,HR. 7999.  STATEHOOD FOR ALASKA.  PASSED.  YEA SUPPORTS PRESIDENT'S POSITION.
85,Senate,232,1958-07-01,,,55,26,0.606,-0.115,0.089,0.583,-40.747,HR7963,,,,HR. 7963.  SMALL BUSINESS ACT OF 1958.  AMENDMENT TO MAKE SMALL BUSINESS ADMINISTRATION A PERMANENT FEDERAL AGENCY.  ACCEPTED.  YEA SUPPORTS PRESIDENT'S POSITION.
85,Senate,233,1958-07-01,,,51,20,0.319,0.947,0.144,-0.009,-37.601,HR11451,,,,HR. 11451.  AUTHORIZE FEDERAL CONSTRUCTION AND SALE OF TWO SUPERLINERS.  CONFERENCE REPORT ELIMINATING PROVISION BARRING REDUCED RATES FOR GOVERNMENT EMPLOYEES TRAVELING ON U.S. FLAG SHIPS.  ADOPTED.
85,Senate,234,1958-07-01,,,41,18,0.355,0.769,0.108,-0.021,-36.304,HR11451,,,,HR. 11451.  AUTHORIZE FEDERAL CONSTRUCTION AND SALE OF TWO SUPERLINERS.  CONFERENCE REPORT ADOPTED AFTER RECONSIDERATION.
85,Senate,235,1958-07-09,,,84,0,0.0,0.0,0.0,0.0,0.0,,,,,"EXEC N, 85TH CONGRESS, 1ST SESSION, EXECS B AND C, 85TH CONGRESS, 2ND SESSION.  TAX TREATIES WITH PAKISTAN, BELGIUM AND UNITED KINGDOM.  TWO-THIRDS MAJORITY REQUIRED. RATIFIED EN BLOC.  YEA SUPPORTS PRESIDENT'S POSITION."
85,Senate,236,1958-07-11,,,25,57,-0.182,-0.983,-0.055,0.259,-47.808,S4036,,,,"S. 4036.  DOMESTIC MINERALS STABILIZATION ACT OF 1958, PROVIDING FIVE YEAR PRICE SUPPORT PROGRAM FOR CERTAIN DOMESTICALLY MINED MINERALS AND A ONE-YEAR STOCK-PILEPURCHASE PLAN FOR COPPER.  AMENDMENT TO DELETE PRICE SUPPORTS FOR TUNGSTEN.  REJECTED.  NAY SUPPORTS PRESIDENT'S POSITION."
85,Senate,237,1958-07-11,,,28,54,0.284,0.959,-0.118,0.012,-47.026,S4036,,,,S. 4036.  DOMESTIC MINERALS STABILIZATION ACT OF 1958.  AMENDMENT TO DELETE SECRETARY OF INTERIOR'S AUTHORITY TO BORROW FROM TREASURY.  REJECTED.
85,Senate,238,1958-07-11,,,70,12,0.2,-0.98,0.078,-0.274,-35.141,S4036,,,,S. 4036.  DOMESTIC MINERALS STABILIZATION ACT OF 1958.  PASSED.  YEA SUPPORTS PRESIDENT'S POSITION.
85,Senate,239,1958-07-17,,,4,85,-0.257,-0.931,0.307,0.766,-5.65,HR12591,,,,HR. 12591.  SENATE COMMITTEE VERSION OF TRADE AGREEMENTS EXTENSION ACT OF 1958.  AMENDMENT TO MAKE THE RECIPROCAL TRADE PROGRAM PERMANENT.  REJECTED.  (SEE CQ 134.)
85,Senate,240,1958-07-18,,,80,0,0.0,0.0,0.0,0.0,0.0,HR12591,,,,HR. 12591.  DEPARTMENT OF DEFENSE REORGANIZATION ACT OF 1958.  PASSAGE OF SENATE VERSION.  YEA SUPPORTS PRESIDENT'S POSITION.
85,Senate,241,1958-07-22,,,63,27,0.662,-0.361,0.131,0.55,-45.213,HR12591,,,,HR. 12591.  TRADE AGREEMENTS EXTENSION ACT OF 1958. AMENDMENT TO DELETE PROVISION THAT PRESIDENTIAL VETO OF TARIFF COMMISSION ESCAPE-CLAUSE FINDINGS SHALL BE INEFFECTIVE UNLESS APPROVED WITHIN 90 DAYS BY MAJORITY OF CONGRESS.  ACCEPTED.  YEA SUPPORTS PRESIDENT'S POSTION.
85,Senate,242,1958-07-22,,,34,57,0.272,-0.403,-0.165,-0.169,-44.75,HR12591,,,,HR. 12591.  TRADE AGREEMENTS EXTENSION ACT OF 1958. AMENDMENT TO PROVIDE THAT CONGRESS MAY OVERRIDE PRESIDENTIAL DISAPPROVAL OF TARIFF COMMISSION RECOMMENDATION WITHIN 60 DAYS BY A MAJORITY VOTE OF EACH CHAMBER.  REJECTED.  NAY SUPPORTS PRESIDENT'S POSITION.
85,Senate,243,1958-07-22,,,44,46,-0.846,-0.141,0.041,-0.569,-50.32,HR12591,,,,HR. 12591.  TRADE AGREEMENTS EXTENSION ACT OF 1958. AMENDMENT TO PROVIDE THAT TARIFF COMMISSION MAY BE BYPASSED IN ANY INVESTIGATION OF IMPORT QUOTAS ON AGRICULTURAL PRODUCTS TO ENABLE AGRICULTURE DEPARTMENT TO STUDY THE CASE. REJECTED.
85,Senate,244,1958-07-22,,,72,16,0.534,-0.257,0.183,0.434,-34.69,HR12591,,,,HR. 12591.  TRADE AGREEMENTS EXTENSION ACT OF 1958. PASSED.  YEA SUPPORTS PRESIDENT'S POSITION.
85,Senate,245,1958-07-23,,,40,47,0.146,0.827,-0.235,0.091,-27.012,SRE264,,,,S.RES. 264.  EXPRESS SENATE WISH FOR CABINET COMMITTEE STUDY OF PROPOSED INTERNATIONAL DEVELOPMENT ASSOCIATION AS AFFILIATE OF WORLD BANK.  AMENDMENT TO PROVIDE FOR STUDY OF ALL EXISTING INTERNATIONAL LOAN AGENCIES. REJECTED.
85,Senate,246,1958-07-23,,,62,25,0.246,-0.047,0.468,0.516,-19.678,SRE264,,,,S.RES. 264.  PROPOSED INTERNATIONAL DEVELOPMENT ASSOCIATION. ADOPTED.
85,Senate,247,1958-07-24,,,67,9,-0.944,0.116,-0.16,-0.432,-25.953,S4071,,,,S. 4071.  AGRICULTURAL ACT OF 1958.  AMENDMENT TO ADD FOUR-YEAR EXTENSION OF SUBSIDY PAYMENTS TO WOOL PRODUCERS.  AGREED TO. YEA SUPPORTS PRESIDENT'S POSITION.
85,Senate,248,1958-07-25,,,33,51,-0.331,-0.716,-0.129,0.487,-31.683,S4071,,,,"S. 4071.  AGRICULTURAL ACT.  AMENDMENT TO MAKE SUPPORT FLOORS ON COTTON, RICE AND CORN TEMPORARY. REJECTED."
85,Senate,249,1958-07-25,,,20,57,-0.26,-0.042,0.16,0.086,-32.18,S4071,,,,S. 4071.  AGRICULTURAL ACT.  AMENDMENT TO ESTABLISH A 'SELF-HELP DAIRY STABILIZATION PLAN'.  REJECTED.  NAY SUPPORTS PRESIDENT'S POSITION
85,Senate,250,1958-07-25,,,23,55,-0.225,-0.13,0.142,0.084,-38.067,S4071,,,,S. 4071.  AGRICULTURAL ACT.  AMENDMENT TO GIVE GRAIN PRODUCERS A CHOICE OF PRICE SUPPORT PROGRAMS.  REJECTED. NAY SUPPORTS PRESIDENT'S POSITION.
85,Senate,251,1958-07-25,,,24,49,-0.152,-0.986,0.16,0.048,-36.372,S4071,,,,S. 4071.  AGRICULTURAL ACT.  AMENDMENT TO ELIMINATE COMMITTEE PROVISION ON CORN AND FEED GRAIN PRICE SUPPORTS AND SUBSTITUTE SUPPORTS BETWEEN 60 AND 90 PERCENT OF PARITY. REJECTED.
85,Senate,252,1958-07-25,,,24,49,-0.25,-0.171,0.125,-0.024,-39.854,S4071,,,,S. 4071.  AGRICULTURAL ACT.  AMENDMENT TO INCREASE DAIRY PRICE SUPPORTS FOR 1959.  REJECTED.  NAY SUPPORTS PRESIDENTS POSITION.
85,Senate,253,1958-07-25,,,62,11,-0.323,-0.126,-0.708,-0.535,-8.978,S4071,,,,S. 4071.  AGRICULTURAL ACT.  PASSED.  YEA SUPPORTS PRESIDENT'S POSITION.
85,Senate,254,1958-07-29,,,81,0,0.0,0.0,0.0,0.0,0.0,S4100,,,,S. 4100.  ESTABLISH AN AGRICULTURAL RESEARCH AND INDUSTRIAL ADMINISTRATION IN DEPARTMENT OF AGRICULTURE. PASSED.
85,Senate,255,1958-07-29,,,40,43,-0.197,0.98,-0.179,-0.269,-40.883,HR8308,,,,HR. 8308.  HUMANE SLAUGHTER.  COMMITTEE VERSION OF BILL CALLING FOR TWO-YEAR STUDY OF HUMANE SLAUGHTER METHODS. REJECTED.
85,Senate,256,1958-07-29,,,44,38,-0.035,-0.059,-0.153,0.059,-32.979,HR8308,,,,HR. 8308.  HUMANE SLAUGHTER.  AMENDMENT STIPULATING THAT HUMANE SLAUGHTER RULES SHALL NOT INTERFERE WITH RELIGIOUS METHODS OF SLAUGHTERING.  ACCEPTED.
85,Senate,257,1958-07-29,,,29,53,0.117,0.249,-0.145,-0.35,-40.069,HR8308,,,,HR. 8308.  HUMANE SLAUGHTER.  MOTION TO RECOMMIT. REJECTED.
85,Senate,258,1958-07-29,,,72,9,0.206,0.711,0.089,0.675,-19.09,HR8308,,,,HR. 8308.  HUMANE SLAUGHTER.  HOUSE VERSION OF BILL FORBIDDING GOVERNMENT AGENCIES FROM BUYING MEAT FROM SLAUGHTERERS NOT USING HUMANE METHODS.  PASSED
85,Senate,259,1958-07-30,,,80,0,0.0,0.0,0.0,0.0,0.0,HR13015,,,,HR. 13015.  AUTHORIZE MILITARY CONSTRUCTION FUNDS FOR FISCAL 1959.  PASSED.
85,Senate,260,1958-07-30,,,44,39,0.056,-0.136,0.431,-1.617,-3.702,HR11574,,,,HR. 11574.  FISCAL 1959 APPROPRIATIONS FOR 16 INDEPENDENT AGENCIES.  CONFERENCE STAGE.  MOTION TO CONCUR IN HOUSE AMENDMENT APPROPRIATING $589 MILLION FOR CIVIL SERVICE RETIREMENT AND DISABILITY FUND.  AGREED TO. NAY SUPPORTS PRESIDENT'S POSITION.
85,Senate,261,1958-07-30,,,71,0,0.0,0.0,0.0,0.0,0.0,HR12738,,,,HR. 12738.  DEPARTMENT OF DEFENSE APPROPRIATION BILL FOR FISCAL 1959.  PASSED.
85,Senate,262,1958-07-31,,,66,14,0.466,-0.564,0.382,0.43,-20.346,SCRE109,,,,S. CON. RES. 109.  MOTION TO TABLE MOTION TO RECONSIDER CONGRESSIONAL RESOLUTION THAT U.N. SHOULD SET UP PERMANENT POLICE FORCE.  AGREED TO.
85,Senate,263,1958-07-31,,,68,6,0.868,0.079,0.322,1.536,-19.408,HR8002,,,,HR. 8002.  PROVIDE THAT APPROPRIATION REQUESTS SENT TO CONGRESS HAVE PROPOSED LIMITATION ON ANNUAL ACCRUED EXPENDITURES.  PASSED.  YEA SUPPORTS PRESIDENT'S POSITION.
85,Senate,264,1958-08-06,,,17,63,-0.373,-0.928,0.144,0.031,-34.243,S1846,,,,S. 1846.  DISTRICT OF COLUMBIA CHARTER ACT. ESTABLISH D. C. CHARTER COMMISSION TO DRAFT A HOME RULE CHARTER TO BE VOTED ON BY D. C. RESIDENTS.  REJECTED.  NAY SUPPORTS PRESIDENT'S POSITION.
85,Senate,265,1958-08-06,,,61,22,0.297,0.298,0.137,1.442,-15.818,S1846,,,,S. 1846.  DISTRICT OF COLUMBIA CHARTER ACT. BILL TO SET UP TERRITORIAL GOVERNMENT FOR DISTRICT. PASSED.  YEA SUPPORTS PRESIDENT'S POSITION.
85,Senate,266,1958-08-11,,,72,18,0.213,0.495,0.138,0.319,-37.772,HR12591,,,,HR. 12591.  TRADE AGREEMENTS EXTENSION ACT OF 1958. ADOPTION OF CONFERENCE REPORT.  YEA SUPPORTS PRESIDENT'S POSITION.
85,Senate,267,1958-08-11,,,39,51,-0.982,0.19,0.018,-0.37,-59.796,HR7125,,,,HR. 7125.  EXCISE TAX TECHNICAL CHANGES ACT OF 1958. AMENDMENT TO STRIKE PROVISION FOR INCREASING PERIOD OF TAX PAYMENT DEFERRAL ON WHISKEY IN BOND.  REJECTED.
85,Senate,268,1958-08-11,,,26,63,-0.299,0.095,0.096,0.202,-45.999,HR7125,,,,HR. 7125.  EXCISE TAX TECHNICAL CHANGES ACT OF 1958. AMENDMENT TO REDUCE OIL AND GAS PERCENTAGE DEPLETION ALLOWANCE.  REJECTED.
85,Senate,269,1958-08-11,,,31,58,-0.118,0.064,0.153,0.271,-38.677,HR7125,,,,HR. 7125.  EXCISE TAX TECHNICAL CHANGES ACT OF 1958. AMENDMENT TO FIX THE GAS PERCENTAGE DEPLETION ALLOWANCE. REJECTED.
85,Senate,270,1958-08-12,,,39,51,-0.412,0.911,0.109,0.234,-54.258,HR7125,,,,HR. 7125.  EXCISE TAX TECHNICAL CHANGES ACT OF 1958. AMENDMENT TO REDUCE CABARET TAX. REJECTED.
85,Senate,271,1958-08-12,,,69,20,-0.001,-1.0,0.134,-0.378,-34.293,S2266,,,,S. 2266.  NAVY YARD WAGES. MOTION TO PASS BILL OVER PRESIDENTIAL VETO.  TWO-THIRDS VOTE REQUIRED.  PASSED. NAY SUPPORTS PRESIDENT'S POSITION.
85,Senate,272,1958-08-12,,,32,52,-0.951,0.308,0.06,0.397,-53.786,HR8381,,,,"HR. 8381.  TECHNICAL AMENDMENTS ACT OF 1958.  APPEAL FROM RULING THAT POTTER AND MORSE AMENDMENTS (TO ADD THE TEXT OF THE SELF-EMPLOYED INDIVIDUALS' RETIREMENT ACT (HR. 10) TO HR. 8381) WERE GERMANE TO THE BILL.  RULING REJECTED, THEREBY MAKING CONSIDERATION OF THE AMENDMENTS OUT OF ORDER."
85,Senate,273,1958-08-13,,,90,0,0.0,0.0,0.0,0.0,0.0,,,,,"EXEC A, 85TH CONGRESS, 2D SESSION.  TAX TREATY WITH UNITED KINGDOM.  TWO-THIRDS MAJORITY REQUIRED.  RATIFIED. YEA SUPPORTS PRESIDENT'S POSITION."
85,Senate,274,1958-08-13,,,30,61,-0.15,0.082,0.193,0.247,-31.498,HR13247,,,,HR. 13247.  NATIONAL DEFENSE EDUCATION ACT.  FEDERAL GRANTS AND LOANS AUTHORIZED FOR 7 YEAR AID PROGRAM TO STUDENTS AND SCHOOLS.  AMENDMENT TO ADD ANNUAL GRANTS FOR PUBLIC SCHOOL CONSTRUCTION.  REJECTED.  NAY SUPPORTS PRESIDENT'S POSITION.
85,Senate,275,1958-08-13,,,20,69,-0.165,-0.311,0.183,0.329,-26.045,HR13247,,,,HR. 13247.  NATIONAL DEFENSE EDUCATION ACT. AMENDMENT TO ADD FUNDS TO EACH SCHOLARSHIP FOR USE BY UNIVERSITY ATTENDED BY SCHOLARSHIP HOLDER.  REJECTED.
85,Senate,276,1958-08-13,,,46,42,-0.149,0.989,-0.266,-0.278,-31.898,HR13247,,,,HR. 13247.  NATIONAL DEFENSE EDUCATION ACT.  AMEND TO REDUCE NATIONAL DEFENSE SCHOLARSHIPS AND ANNUAL AUTHORIZATION FOR SCHOLARSHIP PROGRAM.  AGREED TO.
85,Senate,277,1958-08-13,,,62,26,0.377,-0.421,0.387,0.639,-25.819,HR13247,,,,HR. 13247.  NATIONAL DEFENSE EDUCATION ACT.  PASSED. YEA SUPPORTS PRESIDENT'S POSITION.  (SEE CQ 193.)
85,Senate,278,1958-08-14,,,32,47,-0.716,0.184,0.02,0.13,-62.223,S2883,,,,S. 2883.  RECONSTRUCTION OF U.S. CAPITOL.  AMENDED BILL TO BLOCK EXTENSION OF EAST FRONT.  REJECTED.
85,Senate,279,1958-08-14,,,31,47,-0.054,0.998,0.21,-0.074,-29.967,HR13450,,,,HR. 13450.  FIRST SUPPLEMENTAL APPROPRIATION BILL FOR FISCAL 1959.  AMENDMENT TO ADD FUNDS FOR FARM HOUSING RESEARCH BY LAND GRANT COLLEGES.  REJECTED.  NAY SUPPORTS PRESIDENT'S POSITION.
85,Senate,280,1958-08-15,,,88,2,0.0,0.0,0.0,0.0,0.0,HR13450,,,,HR. 13450.  FIRST SUPPLEMENTAL APPROPRIATION BILL FOR FISCAL 1959.  AMENDMENT TO BAR FUNDS FOR STUDY OF U.S. SURRENDER TO FOREIGN POWER.  AGREED TO.
85,Senate,281,1958-08-15,,,23,59,0.551,-0.423,-0.243,-0.819,-32.488,HR13450,,,,"HR. 13450.  FIRST SUPPLEMENTAL APPROPRIATION BILL FOR FISCAL 1959.  AMENDMENT TO DELETE $5 MILLION FOR INFORMATION MEDIA GUARANTY FUND, USIA.  REJECTED. NAY SUPPORTS PRESIDENT'S POSITION."
85,Senate,282,1958-08-16,,,32,53,-0.099,-0.04,0.17,0.139,-37.197,HR1359,,,,"HR. 1359.  SOCIAL SECURITY AMENDMENTS OF 1958 TO INCREASE OLD AGE, SURVIVORS, AND DISABILITY PAYMENTS AND FEDERAL SHARE OF PUBLIC ASSISTANCE PAYMENTS.  AMENDMENT TO INCREASE OASI BENEFITS.  REJECTED. NAY SUPPORTS PRESIDENT'S POSITION."
85,Senate,283,1958-08-16,,,79,0,0.0,0.0,0.0,0.0,0.0,HR13549,,,,HR. 13549.  SOCIAL SECURITY AMENDMENTS OF 1958. PASSED.  NAY SUPPORTS PRESIDENT'S POSITION.
85,Senate,284,1958-08-18,,,87,0,0.0,0.0,0.0,0.0,0.0,SRE362,,,,S.RES. 362-374.  CITE 13 PERSONS FOR CONTEMPT OF CONGRESS FOR REFUSING TO ANSWER QUESTIONS OF THE SENATE SELECT COMMITTEE ON IMPROPER ACTIVITIES IN THE LABOR OR MANAGEMENT FIELD.  ADOPTED EN BLOC.
85,Senate,285,1958-08-18,,,36,47,-0.461,-0.888,-0.09,0.299,-45.072,HR469,,,,HR. 469.  TEXTILE FIBER PRODUCTS IDENTIFICATION ACT. MOTION TO RECOMMIT. REJECTED.
85,Senate,286,1958-08-18,,,56,20,-0.298,0.575,0.067,1.323,-18.978,,,,,NOMINATION OF W. WILSON WHITE AS ASSISTANT ATTORNEY GENERAL.  CONFIRMED.  YEA SUPPORTS PRESIDENT'S POSITION.
85,Senate,287,1958-08-19,,,41,39,0.115,-0.095,0.15,0.485,-37.646,HR11477,,,,HR. 11477.  SENATE VERSION OF 'MALLORY RULE'  BILL TO AMEND FEDERAL RULES OF CRIMINAL PROCEDURE.  COMMITTEE AMENDMENT TO INSERT 'REASONABLE' BEFORE 'DELAY'.  ACCEPTED.
85,Senate,288,1958-08-19,,,18,62,-0.366,0.874,-0.178,-1.205,-22.124,HR11477,,,,HR. 11477.  'MALLORY RULE' BILL TO AMEND FEDERAL RULES OF CRIMINAL PROCEDURE.  AMENDMENT EMPOWERING JUDGE TO DETERMINE WHETHER DELAY IN ARRAIGNMENT IS REASONABLE. REJECTED.
85,Senate,289,1958-08-19,,,13,64,-0.302,-0.589,0.127,0.229,-27.681,HR11477,,,,HR. 11477.  'MALLORY RULE' BILL TO AMEND FEDERAL RULES OF CRIMINAL PROCEDURE.  AMENDMENT TO BAR INTERROGATION OR ADMISSIBILITY OF STATEMENT OF SUSPECT UNLESS HE IS INFORMED OF NATURE OF ACCUSATION AND HIS RIGHTS.  REJECTED.
85,Senate,290,1958-08-19,,,65,12,-0.528,0.239,-0.169,-0.263,-25.72,HR11477,,,,HR. 11477.  'MALLORY RULE' BILL TO AMEND FEDERAL RULES OF CRIMINAL PROCEDURE.  PASSED.
85,Senate,291,1958-08-20,,,49,41,-0.191,0.671,0.269,0.643,-28.736,HR6789,,,,HR. 6789.  MINOR COURT BILL.  MOTION TO TABLE AMENDMENT LIMITING APPELLATE JURISDICTION OF SUPREME COURT. AGREED TO.
85,Senate,292,1958-08-20,,,86,0,0.0,0.0,0.0,0.0,0.0,HR13450,,,,HR. 13450.  FIRST SUPPLEMENTAL APPROPRIATION BILL FOR FISCAL 1959.  CONFERENCE REPORT.  MOTION TO INSIST ON SENATE AMENDMENT BARRING FUNDS FOR NATIONAL AERONAUTICS AND SPACE ADMINISTRATION WITHOUT AUTHORIZATION BY CONGRESS. AGREED TO.
85,Senate,293,1958-08-20,,,39,46,-0.101,0.341,0.38,0.884,-21.993,S654,,,,S. 654.  PERMIT STATES TO ENACT LAWS BARRING SUBVERSIVE ACTIVITIES.  HENNINGS MOTION TO TABLE MCCLELLAN AMENDMENT PROVIDING THAT NO ACT OF CONGRESS SHOULD BE CONSTRUED AS NULLIFYING ANY STATE LAW ON SAME SUBJECT UNLESS CONGRESS SO SPECIFIES.  REJECTED.  YEA SUPPORTS PRESIDENT'S POSITION.
85,Senate,294,1958-08-20,,,47,40,0.0,0.076,-0.38,-0.844,-21.125,S654,,,,S. 654.  PERMIT STATES TO ENACT LAWS BARRING SUBVERSIVE ACTIVITIES.  MOTION TO TABLE MOTION TO RECONSIDER REJECTED HENNINGS MOTION (CQ 186) ON THE TABLING OF THE MCCLELLAN AMENDMENT.  ADOPTED.  NAY SUPPORTS PRESIDENTS POSITION.  (SEE CQ 189.)
85,Senate,295,1958-08-20,,,70,18,0.293,0.069,0.417,0.606,-20.824,,,,,MOTION TO ADJOURN UNTIL AUGUST 21.  ADOPTED.
85,Senate,296,1958-08-21,,,41,40,-0.196,0.55,0.222,0.574,-31.521,S654,,,,S. 654.  PERMIT STATES TO ENACT LAWS BARRING SUBVERSIVE ACTIVITIES.  MOTION TO RECOMMIT.  ADOPTED.
85,Senate,297,1958-08-22,,,80,2,0.263,-0.965,0.171,-0.487,-13.058,HR12728,,,,HR. 12728.  MINOR LONGSHOREMEN'S AND HARBOR WORKERS' COMPENSATION ACT.  MORSE AMENDMENT SUBSTITUTING AN ENTIRELY NEW TEXT FOR S. 1313 WHICH WAS PENDING AS AN AMENDMENT TO THE COMMITTEE AMENDMENTS TO HR. 12728.  THE MORSE TEXT WOULD RAISE RAILROAD RETIREMENT AND UNEMPLOYMENT BENEFITS BY 10 AND 20 PERCENT RESPECTIVELY.  AGREED TO.
85,Senate,298,1958-08-22,,,68,14,0.167,0.986,0.176,0.187,-31.963,HR12728,,,,HR. 12728.  MINOR LONGSHOREMEN'S AND HARBOR WORKERS' COMPENSATION ACT.  AMENDMENT TO ADD MORSE TEXT (CQ 190) TO COMMITTEE AMENDMENTS. AGREED TO.
85,Senate,299,1958-08-22,,,71,12,0.171,0.985,0.171,0.224,-30.709,HR12728,,,,HR. 12728.  MINOR LONGSHOREMEN'S AND HARBOR WORKERS' COMPENSATION ACT.  PASSED.
85,Senate,300,1958-08-22,,,66,15,0.39,-0.186,0.377,0.81,-21.362,HR13247,,,,HR. 13247.  NATIONAL DEFENSE EDUCATION ACT. AUTHORIZATION OF $1 BILLION IN FEDERAL AID FOR STUDENTS AND SCHOOLS.  CONFERENCE REPORT AGREED TO.  YEA SUPPORTS PRESI DENT'S POSITION.
85,Senate,301,1958-08-22,,,57,20,0.621,-0.358,0.233,0.791,-31.864,HR13580,,,,HR. 13580.  INCREASE BOTH PERMANENT AND TEMPORARY PUBLIC DEBT LIMITS.  PASSED.  YEA SUPPORTS PRESIDENT'S POSITION.
85,Senate,302,1958-08-23,,,36,45,0.048,0.158,-0.056,-0.666,-35.618,HR13192,,,,HR. 13192.  MUTUAL SECURITY APPROPRIATIONS FOR FISCAL 1959.  AMENDMENT TO REDUCE MILITARY ASSISTANCE FUNDS. REJECTED.  NAY SUPPORTS PRESIDENT'S POSITION.
85,Senate,303,1958-08-23,,,36,41,0.492,-0.324,-0.189,-1.278,-31.091,HR13192,,,,HR. 13192.  MUTUAL SECURITY APPROPRIATIONS FOR FISCAL 1959.  AMENDMENT TO REDUCE DEFENSE SUPPORT FUNDS. REJECTED.  NAY SUPPORTS PRESIDENT'S POSITION.
85,Senate,304,1958-08-23,,,30,45,0.103,0.134,-0.463,0.1,-11.972,HR13856,,,,HR. 13856.  INDEPENDENT OFFICES APPROPRIATION FOR FISCAL 1959.  MOTION TO SUSPEND RULES AND CONSIDER AMENDMENT ASKING PRESIDENT TO REDUCE FEDERAL EXPENDITURES ON DEFENSE AND OTHER APPROPRIATIONS.  TWO-THIRDS VOTE NECESSARY.
85,Senate,305,1958-08-24,,,29,28,-0.605,-0.668,-0.05,0.199,-44.541,HR29,,,,HR. 29  AUTHORIZE THREE-YEAR PROGRAM TESTING EFFECT OF WATER DIVERSION FROM LAKE MICHIGAN INTO ILLINOIS WATERWAY.  MCNAMARA AMENDMENT TO PROVIDE SPECIFICALLY THAT WATER DIVERSION TEST BE FOR ONE-YEAR PERIOD.  ADOPTED.
85,Senate,306,1958-08-24,,,28,30,0.196,0.085,-0.053,0.278,-36.361,HR2,,,,HR. 2.  AUTHORIZE THREE-YEAR PROGRAM TESTING EFFECT OF WATER DIVERSION FROM LAKE MICHIGAN INTO ILLINOIS WATERWAY.  MOTION TO TABLE THE BILL.  REJECTED.
85,Senate,307,1958-08-24,,,28,28,-0.212,-0.434,-0.07,0.156,-38.934,HR2,,,,HR. 2.  AUTHORIZE THREE-YEAR PROGRAM TESTING EFFECT OF WATER DIVERSION FROM LAKE MICHIGAN INTO ILLINOIS WATERWAY.  MOTION TO TABLE A DOUGLAS MOTION TO RECOMMIT WITH INSTRUCTIONS FOR REMOVAL OF MCNAMARA AMENDMENT (CQ 198). REJECTED.
